name,budget,gross,profit,roi
the shining,19000000.0,46998772.0,27998772.0,147.36195789473686
the blue lagoon,4500000.0,58853106.0,54353106.0,1207.8468
star wars: episode v - the empire strikes back,18000000.0,538375067.0,520375067.0,2890.9725944444444
airplane!,3500000.0,83453539.0,79953539.0,2284.386828571429
caddyshack,6000000.0,39846344.0,33846344.0,564.1057333333333
friday the 13th,550000.0,39754601.0,39204601.0,7128.109272727272
the blues brothers,27000000.0,115229890.0,88229890.0,326.77737037037036
raging bull,18000000.0,23402427.0,5402427.0,30.013483333333333
superman ii,54000000.0,108185706.0,54185706.0,100.34389999999999
the long riders,10000000.0,15795189.0,5795189.0,57.95188999999999
any which way you can,15000000.0,70687344.0,55687344.0,371.24896
the gods must be crazy,5000000.0,30031783.0,25031783.0,500.63566000000003
popeye,20000000.0,49823037.0,29823037.0,149.115185
ordinary people,6000000.0,54766923.0,48766923.0,812.78205
dressed to kill,6500000.0,31899000.0,25399000.0,390.75384615384615
somewhere in time,5100000.0,9709597.0,4609597.0,90.38425490196079
9 to 5,10000000.0,103300686.0,93300686.0,933.0068600000001
the fog,1000000.0,21448782.0,20448782.0,2044.8782
cruising,11000000.0,19814523.0,8814523.0,80.13202727272727
heaven's gate,44000000.0,3484523.0,-40515477.0,-92.08062954545456
the final countdown,12000000.0,16647800.0,4647800.0,38.73166666666666
xanadu,20000000.0,22762571.0,2762571.0,13.812854999999999
brubaker,9000000.0,37121708.0,28121708.0,312.4634222222222
american gigolo,4800000.0,22743674.0,17943674.0,373.8265416666667
cattle annie and little britches,5100000.0,534816.0,-4565184.0,-89.51341176470589
private benjamin,10000000.0,69847348.0,59847348.0,598.47348
the hollywood knights,4000000.0,10000000.0,6000000.0,150.0
motel hell,3000000.0,6342668.0,3342668.0,111.42226666666666
the stunt man,3500000.0,7063886.0,3563886.0,101.82531428571428
the island,22000000.0,15716828.0,-6283172.0,-28.55987272727273
the nude bomb,15000000.0,14662035.0,-337965.0,-2.2531
stardust memories,10000000.0,10389003.0,389003.0,3.89003
melvin and howard,7000000.0,4309490.0,-2690510.0,-38.435857142857145
bronco billy,6500000.0,24265659.0,17765659.0,273.3178307692308
when time ran out...,20000000.0,3763988.0,-16236012.0,-81.18006
oh heavenly dog,6000000.0,6216067.0,216067.0,3.6011166666666665
the octagon,4000000.0,18971000.0,14971000.0,374.275
the last flight of noah's ark,6000000.0,11000000.0,5000000.0,83.33333333333334
willie & phil,5500000.0,4400000.0,-1100000.0,-20.0
phobia,5100000.0,59167.0,-5040833.0,-98.83986274509805
indiana jones and the raiders of the lost ark,18000000.0,389925971.0,371925971.0,2066.2553944444444
an american werewolf in london,10000000.0,30669378.0,20669378.0,206.69377999999998
escape from new york,6000000.0,25244626.0,19244626.0,320.74376666666666
the evil dead,350000.0,2956630.0,2606630.0,744.7514285714286
porky's,2500000.0,111289673.0,108789673.0,4351.58692
blow out,18000000.0,12000000.0,-6000000.0,-33.33333333333333
clash of the titans,15000000.0,41092328.0,26092328.0,173.94885333333335
excalibur,11000000.0,34971136.0,23971136.0,217.91941818181817
mad max 2,3000000.0,23668369.0,20668369.0,688.9456333333334
stripes,10000000.0,85297000.0,75297000.0,752.97
the cannonball run,18000000.0,72179579.0,54179579.0,300.9976611111111
thief,5500000.0,11492915.0,5992915.0,108.9620909090909
time bandits,5000000.0,42368025.0,37368025.0,747.3605
friday the 13th part 2,1250000.0,21722776.0,20472776.0,1637.8220800000001
for your eyes only,28000000.0,54813222.0,26813222.0,95.76150714285714
halloween ii,2500000.0,25533818.0,23033818.0,921.35272
taps,14000000.0,35856053.0,21856053.0,156.11466428571427
reds,32000000.0,40382659.0,8382659.0,26.195809375
the fox and the hound,12000000.0,63456988.0,51456988.0,428.80823333333336
chariots of fire,5500000.0,59303359.0,53803359.0,978.2428909090909
absence of malice,12000000.0,40716963.0,28716963.0,239.30802500000001
tarzan the ape man,6500000.0,36565280.0,30065280.0,462.54276923076924
victory,10000000.0,10853418.0,853418.0,8.53418
arthur,7000000.0,95461682.0,88461682.0,1263.7383142857143
history of the world: part i,11000000.0,31672907.0,20672907.0,187.93551818181817
the howling,1000000.0,17985893.0,16985893.0,1698.5893
dragonslayer,18000000.0,14110013.0,-3889987.0,-21.61103888888889
cutter's way,3000000.0,1752634.0,-1247366.0,-41.57886666666666
quest for fire,12500000.0,20962615.0,8462615.0,67.70092
the final conflict,5000000.0,20471382.0,15471382.0,309.42764
mommie dearest,5000000.0,19032261.0,14032261.0,280.64522
private lessons,2800000.0,26279000.0,23479000.0,838.5357142857142
the postman always rings twice,12000000.0,12376625.0,376625.0,3.138541666666667
deadly blessing,2500000.0,8279042.0,5779042.0,231.16168
eyewitness,8500000.0,6400000.0,-2100000.0,-24.705882352941178
outland,16000000.0,17374595.0,1374595.0,8.59121875
s.o.b.,12000000.0,14867086.0,2867086.0,23.892383333333335
the beyond,400000.0,123843.0,-276157.0,-69.03925
one from the heart,26000000.0,636796.0,-25363204.0,-97.55078461538461
true confessions,10000000.0,12850276.0,2850276.0,28.50276
nighthawks,5000000.0,19905359.0,14905359.0,298.10718
neighbors,8500000.0,29916207.0,21416207.0,251.95537647058822
wolfen,17000000.0,10626725.0,-6373275.0,-37.48985294117647
prince of the city,8600000.0,8124257.0,-475743.0,-5.531895348837209
eyes of a stranger,800000.0,1118634.0,318634.0,39.82925
under the rainbow,20000000.0,18826490.0,-1173510.0,-5.86755
carbon copy,6000000.0,9566593.0,3566593.0,59.443216666666665
modern problems,8000000.0,26154211.0,18154211.0,226.9276375
pennies from heaven,22000000.0,9171289.0,-12828711.0,-58.31232272727272
the legend of the lone ranger,18000000.0,12617845.0,-5382155.0,-29.90086111111111
sphinx,14000000.0,2022771.0,-11977229.0,-85.55163571428571
zoot suit,2700000.0,3256082.0,556082.0,20.59562962962963
buddy buddy,10000000.0,7258543.0,-2741457.0,-27.414569999999998
bustin' loose,11000000.0,31261269.0,20261269.0,184.19335454545453
heartbeeps,12000000.0,2154696.0,-9845304.0,-82.0442
take this job and shove it,3500000.0,17569027.0,14069027.0,401.9722
whose life is it anyway?,13000000.0,8206145.0,-4793855.0,-36.875807692307696
inchon,46000000.0,5200986.0,-40799014.0,-88.69350869565218
all night long,14000000.0,4454295.0,-9545705.0,-68.18360714285714
the pursuit of d.b. cooper,12000000.0,3702028.0,-8297972.0,-69.14976666666666
rollover,16000000.0,10851261.0,-5148739.0,-32.17961875
honky tonk freeway,24000000.0,2004742.0,-21995258.0,-91.64690833333333
king of the mountain,2000000.0,1791147.0,-208853.0,-10.44265
fast times at ridgemont high,4500000.0,27092880.0,22592880.0,502.064
blade runner,28000000.0,41676878.0,13676878.0,48.84599285714285
the thing,15000000.0,19632053.0,4632053.0,30.880353333333332
conan the barbarian,20000000.0,68851475.0,48851475.0,244.25737500000002
e.t. the extra-terrestrial,10500000.0,792910554.0,782410554.0,7451.529085714285
first blood,15000000.0,125212904.0,110212904.0,734.7526933333334
an officer and a gentleman,7500000.0,129795554.0,122295554.0,1630.6073866666666
grease 2,13200000.0,15171476.0,1971476.0,14.935424242424242
annie,50000000.0,57063861.0,7063861.0,14.127722
poltergeist,10700000.0,77142388.0,66442388.0,620.9568971962617
48 hrs.,12000000.0,78868508.0,66868508.0,557.2375666666667
star trek ii: the wrath of khan,11200000.0,78912963.0,67712963.0,604.5800267857143
sophie's choice,12000000.0,30036000.0,18036000.0,150.29999999999998
gandhi,22000000.0,52767889.0,30767889.0,139.8540409090909
tootsie,21000000.0,177200000.0,156200000.0,743.8095238095239
tron,17000000.0,33000525.0,16000525.0,94.12073529411765
the secret of nimh,7000000.0,14665733.0,7665733.0,109.51047142857142
the king of comedy,20000000.0,2536242.0,-17463758.0,-87.31879
rocky iii,17000000.0,125052686.0,108052686.0,635.6040352941177
the beastmaster,8000000.0,14056528.0,6056528.0,75.70660000000001
creepshow,8000000.0,21028755.0,13028755.0,162.8594375
the man from snowy river,3500000.0,20659423.0,17159423.0,490.2692285714286
pink floyd: the wall,12000000.0,22265763.0,10265763.0,85.54802500000001
cat people,18000000.0,7000000.0,-11000000.0,-61.111111111111114
fanny and alexander,6000000.0,6795771.0,795771.0,13.26285
friday the 13th part iii,2300000.0,36690067.0,34390067.0,1495.220304347826
firefox,18000000.0,46708276.0,28708276.0,159.49042222222224
halloween iii: season of the witch,2500000.0,14400000.0,11900000.0,476.0
the dark crystal,15000000.0,41630431.0,26630431.0,177.5362066666667
the verdict,16000000.0,53993738.0,37993738.0,237.4608625
pieces,300000.0,2032311.0,1732311.0,577.437
the world according to garp,17000000.0,29712172.0,12712172.0,74.77748235294118
diner,5000000.0,14099953.0,9099953.0,181.99906
the best little whorehouse in texas,35000000.0,69701637.0,34701637.0,99.14753428571429
the year of living dangerously,13000000.0,10278575.0,-2721425.0,-20.934038461538464
the last unicorn,3500000.0,6455330.0,2955330.0,84.438
the entity,9000000.0,13277558.0,4277558.0,47.52842222222222
airplane ii: the sequel,15000000.0,27150534.0,12150534.0,81.00356
the toy,17000000.0,47118057.0,30118057.0,177.1650411764706
the house on sorority row,425000.0,10604986.0,10179986.0,2395.2908235294117
evil under the sun,10000000.0,6110670.0,-3889330.0,-38.893299999999996
death wish ii,2000000.0,16100000.0,14100000.0,705.0
silent rage,4500000.0,10490791.0,5990791.0,133.1286888888889
megaforce,20000000.0,5675599.0,-14324401.0,-71.622005
personal best,16000000.0,5672311.0,-10327689.0,-64.54805625
dead men don't wear plaid,9000000.0,18196170.0,9196170.0,102.17966666666666
amityville ii: the possession,5000000.0,12534817.0,7534817.0,150.69634000000002
missing,9500000.0,14000000.0,4500000.0,47.368421052631575
cannery row,11300000.0,5301539.0,-5998461.0,-53.08372566371682
tempest,13000000.0,5005245.0,-7994755.0,-61.49811538461538
still of the night,10000000.0,5979947.0,-4020053.0,-40.20053
parasite,800000.0,2270.0,-797730.0,-99.71625
honkytonk man,2000000.0,4484991.0,2484991.0,124.24955
"come back to the 5 & dime jimmy dean, jimmy dean",850000.0,840958.0,-9042.0,-1.063764705882353
the final option,6000000.0,2666873.0,-3333127.0,-55.55211666666666
trail of the pink panther,6000000.0,9056073.0,3056073.0,50.93455
the border,22000000.0,6118683.0,-15881317.0,-72.18780454545455
best friends,15000000.0,36821203.0,21821203.0,145.47468666666668
shoot the moon,12000000.0,9217530.0,-2782470.0,-23.187250000000002
lookin' to get out,17000000.0,946461.0,-16053539.0,-94.43258235294117
barbarosa,11000000.0,1736123.0,-9263877.0,-84.21706363636363
the soldier,4000000.0,6328816.0,2328816.0,58.220400000000005
wrong is right,10000000.0,3583513.0,-6416487.0,-64.16487
jekyll and hyde... together again,5000000.0,3792188.0,-1207812.0,-24.15624
forced vengeance,5000000.0,6660333.0,1660333.0,33.20666
night crossing,10000000.0,8000000.0,-2000000.0,-20.0
things are tough all over,7000000.0,21134374.0,14134374.0,201.91962857142855
jinxed!,13400000.0,2869638.0,-10530362.0,-78.58479104477611
five days one summer,15000000.0,199078.0,-14800922.0,-98.67281333333334
partners,6000000.0,6062898.0,62898.0,1.0483
"yes, giorgio",19000000.0,2279543.0,-16720457.0,-88.0024052631579
scarface,25000000.0,65884703.0,40884703.0,163.538812
the outsiders,10000000.0,25697647.0,15697647.0,156.97646999999998
star wars: episode vi - return of the jedi,32500000.0,475106177.0,442606177.0,1361.86516
risky business,6200000.0,63541777.0,57341777.0,924.8673709677419
national lampoon's vacation,15000000.0,61399552.0,46399552.0,309.3303466666667
trading places,15000000.0,90404800.0,75404800.0,502.69866666666667
superman iii,39000000.0,59950623.0,20950623.0,53.71954615384615
the big chill,8000000.0,56399659.0,48399659.0,604.9957375
staying alive,22000000.0,64892670.0,42892670.0,194.96668181818183
jaws 3-d,20500000.0,87987055.0,67487055.0,329.20514634146343
christine,9700000.0,21017849.0,11317849.0,116.6788556701031
flashdance,4000000.0,92921203.0,88921203.0,2223.030075
wargames,12000000.0,79567667.0,67567667.0,563.0638916666667
the right stuff,27000000.0,21192315.0,-5807685.0,-21.509944444444447
krull,47000000.0,16916617.0,-30083383.0,-64.00719787234043
the dead zone,10000000.0,20766616.0,10766616.0,107.66616
octopussy,27500000.0,67893619.0,40393619.0,146.88588727272727
private school,3500000.0,14049540.0,10549540.0,301.41542857142855
valley girl,350000.0,17343596.0,16993596.0,4855.313142857142
rumble fish,10000000.0,2494480.0,-7505520.0,-75.0552
videodrome,5952000.0,2120439.0,-3831561.0,-64.37434475806452
terms of endearment,8000000.0,108423749.0,100423749.0,1255.2968625
twilight zone: the movie,10000000.0,29450919.0,19450919.0,194.50919
never say never again,36000000.0,55432841.0,19432841.0,53.980113888888894
a christmas story,3300000.0,20653717.0,17353717.0,525.870212121212
cujo,5000000.0,21156152.0,16156152.0,323.12304
sudden impact,22000000.0,67642693.0,45642693.0,207.46678636363634
blue thunder,22000000.0,42313354.0,20313354.0,92.33342727272728
breathless,7500000.0,19910002.0,12410002.0,165.46669333333332
psycho ii,5000000.0,34725000.0,29725000.0,594.5
silkwood,10000000.0,35615609.0,25615609.0,256.15609
all the right moves,5600000.0,17233166.0,11633166.0,207.73510714285712
the keep,11000000.0,4218594.0,-6781406.0,-61.64914545454545
yentl,12000000.0,40218899.0,28218899.0,235.1574916666667
fire and ice,1200000.0,760883.0,-439117.0,-36.59308333333333
yellowbeard,6500000.0,4300000.0,-2200000.0,-33.84615384615385
the meaning of life,9000000.0,14949697.0,5949697.0,66.10774444444445
deathstalker,457000.0,11919250.0,11462250.0,2508.1509846827134
porky's ii: the next day,6500000.0,33759266.0,27259266.0,419.3733230769231
something wicked this way comes,19000000.0,8400000.0,-10600000.0,-55.78947368421052
star 80,12000000.0,6472990.0,-5527010.0,-46.058416666666666
gorky park,15000000.0,15856028.0,856028.0,5.706853333333333
lone wolf mcquade,5000000.0,12232628.0,7232628.0,144.65256
losin' it,7000000.0,1246141.0,-5753859.0,-82.19798571428572
screwballs,800000.0,2082215.0,1282215.0,160.27687500000002
brainstorm,15000000.0,10219460.0,-4780540.0,-31.87026666666667
angel,3000000.0,17488564.0,14488564.0,482.95213333333334
10 to midnight,4520000.0,7175592.0,2655592.0,58.752035398230085
uncommon valor,14500000.0,30503151.0,16003151.0,110.36655862068964
mortuary,250000.0,4319001.0,4069001.0,1627.6004
sahara,25000000.0,1402962.0,-23597038.0,-94.388152
two of a kind,14000000.0,23646952.0,9646952.0,68.9068
chained heat,1250000.0,6149983.0,4899983.0,391.99864
spacehunter: adventures in the forbidden zone,14400000.0,16478265.0,2078265.0,14.432395833333334
high road to china,19000000.0,28445927.0,9445927.0,49.7154052631579
rock & rule,8000000.0,30379.0,-7969621.0,-99.6202625
hercules,2500000.0,10676194.0,8176194.0,327.04776
under fire,9500000.0,5696391.0,-3803609.0,-40.03798947368421
amityville 3-d,6000000.0,6333135.0,333135.0,5.55225
the osterman weekend,6500000.0,6486797.0,-13203.0,-0.2031230769230769
revenge of the ninja,700000.0,13168027.0,12468027.0,1781.1467142857143
to be or not to be,9000000.0,13030214.0,4030214.0,44.78015555555556
the wicked lady,8000000.0,724912.0,-7275088.0,-90.93860000000001
of unknown origin,4000000.0,1080470.0,-2919530.0,-72.98825
curse of the pink panther,11000000.0,4491986.0,-6508014.0,-59.16376363636363
d.c. cab,8000000.0,16134627.0,8134627.0,101.6828375
beyond the limit,11800000.0,5997566.0,-5802434.0,-49.17316949152543
the survivors,12000000.0,14000000.0,2000000.0,16.666666666666664
the lonely lady,5000000.0,1223200.0,-3776800.0,-75.536
the man who loved women,19000000.0,10964740.0,-8035260.0,-42.29084210526316
nightmares,6000000.0,6670680.0,670680.0,11.178
deal of the century,10000000.0,10369581.0,369581.0,3.6958100000000003
eddie macon's run,5000000.0,1262691.0,-3737309.0,-74.74618
baby it's you,3000000.0,1867792.0,-1132208.0,-37.74026666666666
love letters,550000.0,5269990.0,4719990.0,858.18
get crazy,5500000.0,1645711.0,-3854289.0,-70.07798181818183
nate and hayes,12000000.0,1963756.0,-10036244.0,-83.63536666666667
getting it on,220000.0,975414.0,755414.0,343.37
lianna,300000.0,1530839.0,1230839.0,410.2796666666666
lovesick,10100000.0,10171304.0,71304.0,0.705980198019802
running brave,8000000.0,3000000.0,-5000000.0,-62.5
trenchcoat,5000000.0,4304286.0,-695714.0,-13.914280000000002
my brother's wedding,50000.0,26177.0,-23823.0,-47.646
the terminator,6400000.0,78371200.0,71971200.0,1124.55
dune,40000000.0,30925690.0,-9074310.0,-22.685775
ghostbusters,30000000.0,296187079.0,266187079.0,887.2902633333334
the karate kid,8000000.0,91119319.0,83119319.0,1038.9914875
once upon a time in america,30000000.0,5473212.0,-24526788.0,-81.75596
police academy,4500000.0,81198894.0,76698894.0,1704.4198666666666
indiana jones and the temple of doom,28000000.0,333107271.0,305107271.0,1089.668825
body double,10000000.0,8801940.0,-1198060.0,-11.980599999999999
a nightmare on elm street,1800000.0,25507137.0,23707137.0,1317.0631666666668
amadeus,18000000.0,52066791.0,34066791.0,189.25995
beverly hills cop,14000000.0,316360478.0,302360478.0,2159.7176999999997
red dawn,17000000.0,38376497.0,21376497.0,125.7441
the neverending story,27000000.0,20251411.0,-6748589.0,-24.994774074074076
footloose,8200000.0,80039064.0,71839064.0,876.0861463414635
revenge of the nerds,8000000.0,40874452.0,32874452.0,410.93064999999996
gremlins,11000000.0,153633143.0,142633143.0,1296.6649363636363
romancing the stone,10000000.0,86572238.0,76572238.0,765.7223799999999
streets of fire,14500000.0,8089290.0,-6410710.0,-44.21179310344828
sixteen candles,6500000.0,23686027.0,17186027.0,264.40041538461537
this is spinal tap,2500000.0,4736202.0,2236202.0,89.44807999999999
top secret!,9000000.0,20458340.0,11458340.0,127.31488888888889
conan the destroyer,18000000.0,31042035.0,13042035.0,72.45575
children of the corn,800000.0,14568989.0,13768989.0,1721.123625
the last starfighter,15000000.0,28733290.0,13733290.0,91.55526666666667
splash,8000000.0,69821334.0,61821334.0,772.766675
blood simple,1500000.0,4228292.0,2728292.0,181.88613333333333
the natural,28000000.0,47951979.0,19951979.0,71.25706785714286
bachelor party,5000000.0,38435947.0,33435947.0,668.71894
nausicaä of the valley of the wind,1000000.0,8736506.0,7736506.0,773.6506
friday the 13th: the final chapter,2600000.0,32980880.0,30380880.0,1168.4953846153846
against all odds,13000000.0,21689062.0,8689062.0,66.83893846153846
supergirl,35000000.0,14296438.0,-20703562.0,-59.15303428571429
the bounty,25000000.0,8613462.0,-16386538.0,-65.546152
firestarter,15000000.0,17080167.0,2080167.0,13.86778
c.h.u.d.,1250000.0,4654423.0,3404423.0,272.35384
the woman in red,9000000.0,25348610.0,16348610.0,181.65122222222223
star trek iii: the search for spock,17000000.0,76471046.0,59471046.0,349.8296823529412
repo man,1500000.0,129000.0,-1371000.0,-91.4
2010: the year we make contact,28000000.0,40400657.0,12400657.0,44.28806071428571
the killing fields,14400000.0,34700291.0,20300291.0,140.97424305555555
the cotton club,58000000.0,25928721.0,-32071279.0,-55.29530862068965
starman,22000000.0,28744356.0,6744356.0,30.656163636363637
night of the comet,700000.0,14418922.0,13718922.0,1959.846
the philadelphia experiment,21000000.0,8103330.0,-12896670.0,-61.41271428571429
bolero,7000000.0,8914881.0,1914881.0,27.355442857142858
cannonball run ii,20000000.0,28078073.0,8078073.0,40.390365
stranger than paradise,90000.0,2436000.0,2346000.0,2606.6666666666665
the ice pirates,9000000.0,14255801.0,5255801.0,58.39778888888889
a passage to india,16000000.0,27201487.0,11201487.0,70.00929375
purple rain,7200000.0,70263155.0,63063155.0,875.8771527777778
the hotel new hampshire,7500000.0,5142858.0,-2357142.0,-31.42856
sheena,25000000.0,5778353.0,-19221647.0,-76.886588
missing in action,2550000.0,22812411.0,20262411.0,794.6043529411764
"greystoke: the legend of tarzan, lord of the apes",30000000.0,45858563.0,15858563.0,52.86187666666666
falling in love,12000000.0,11129057.0,-870943.0,-7.257858333333333
birdy,12000000.0,1455045.0,-10544955.0,-87.874625
the company of wolves,2000000.0,4389334.0,2389334.0,119.46669999999999
racing with the moon,6500000.0,6045647.0,-454353.0,-6.990046153846154
"silent night, deadly night",1065000.0,2491460.0,1426460.0,133.93990610328638
the pope of greenwich village,8000000.0,6836201.0,-1163799.0,-14.5474875
rhinestone,28000000.0,21435321.0,-6564679.0,-23.445282142857142
swing shift,15000000.0,6650206.0,-8349794.0,-55.66529333333333
beat street,9500000.0,16595791.0,7095791.0,74.69253684210526
the razor's edge,13000000.0,6551987.0,-6448013.0,-49.600100000000005
moscow on the hudson,13000000.0,25068724.0,12068724.0,92.83633846153846
the evil that men do,4600000.0,13102025.0,8502025.0,184.8266304347826
firstborn,8000000.0,6250994.0,-1749006.0,-21.862575
teachers,9000000.0,27774237.0,18774237.0,208.60263333333333
the river,18000000.0,11489982.0,-6510018.0,-36.16676666666667
a soldier's story,6000000.0,21821347.0,15821347.0,263.6891166666667
irreconcilable differences,6000000.0,12414210.0,6414210.0,106.9035
city heat,25000000.0,38348988.0,13348988.0,53.395952
flashpoint,10000000.0,3854833.0,-6145167.0,-61.45167
lust in the dust,3000000.0,727639.0,-2272361.0,-75.74536666666667
thief of hearts,9000000.0,10435015.0,1435015.0,15.944611111111112
the brother from another planet,350000.0,3677209.0,3327209.0,950.6311428571429
broadway danny rose,8000000.0,10600497.0,2600497.0,32.5062125
best defense,18000000.0,19265302.0,1265302.0,7.029455555555556
micki + maude,15100000.0,26080861.0,10980861.0,72.72093377483444
protocol,12000000.0,26186631.0,14186631.0,118.221925
choose me,700000.0,2490233.0,1790233.0,255.74757142857143
unfaithfully yours,12000000.0,19928200.0,7928200.0,66.06833333333333
impulse,10000000.0,2773433.0,-7226567.0,-72.26567
mrs. soffel,11000000.0,4385312.0,-6614688.0,-60.13352727272727
give my regards to broad street,9000000.0,1393501.0,-7606499.0,-84.51665555555556
finders keepers,7000000.0,1467396.0,-5532604.0,-79.0372
crackers,12000000.0,129268.0,-11870732.0,-98.92276666666666
mike's murder,6300000.0,1059966.0,-5240034.0,-83.17514285714286
the bear,221000.0,2687148.0,2466148.0,1115.90407239819
almost you,1000000.0,95000.0,-905000.0,-90.5
weird science,7500000.0,38934048.0,31434048.0,419.12064000000004
the goonies,19000000.0,63980721.0,44980721.0,236.74063684210526
back to the future,19000000.0,381906762.0,362906762.0,1910.0355894736842
to live and die in l.a.,6000000.0,17307019.0,11307019.0,188.45031666666668
clue,15000000.0,14643997.0,-356003.0,-2.373353333333333
the breakfast club,1000000.0,51525171.0,50525171.0,5052.5171
cocoon,17500000.0,85313124.0,67813124.0,387.5035657142857
rambo: first blood part ii,44000000.0,300400432.0,256400432.0,582.7282545454545
mask,8000000.0,48230162.0,40230162.0,502.877025
legend,24500000.0,15502112.0,-8997888.0,-36.72607346938776
the return of the living dead,4000000.0,14237880.0,10237880.0,255.947
st. elmo's fire,10000000.0,37803872.0,27803872.0,278.03872
brazil,15000000.0,9949953.0,-5050047.0,-33.66698
pale rider,6900000.0,41410568.0,34510568.0,500.15315942028985
real genius,8000000.0,12952019.0,4952019.0,61.9002375
commando,10000000.0,57491000.0,47491000.0,474.91
witness,12000000.0,68706993.0,56706993.0,472.558275
the color purple,15000000.0,98467863.0,83467863.0,556.45242
silverado,26000000.0,32192570.0,6192570.0,23.81757692307692
rocky iv,30000000.0,300473716.0,270473716.0,901.5790533333334
ran,11500000.0,4164283.0,-7335717.0,-63.78884347826087
ladyhawke,20000000.0,18432000.0,-1568000.0,-7.84
a room with a view,3000000.0,21041453.0,18041453.0,601.3817666666666
red sonja,17900000.0,6951415.0,-10948585.0,-61.165279329608936
fright night,9000000.0,24922237.0,15922237.0,176.91374444444446
explorers,25000000.0,9873044.0,-15126956.0,-60.507824
mad max beyond thunderdome,10000000.0,36230219.0,26230219.0,262.30219
after hours,4500000.0,10609321.0,6109321.0,135.7626888888889
a view to a kill,30000000.0,50327960.0,20327960.0,67.75986666666667
fletch,8000000.0,59612888.0,51612888.0,645.1611
perfect,19000000.0,12918858.0,-6081142.0,-32.006010526315784
a nightmare on elm street 2: freddy's revenge,3000000.0,29999213.0,26999213.0,899.9737666666666
lifeforce,25000000.0,11603545.0,-13396455.0,-53.58582
pee-wee's big adventure,6000000.0,40940662.0,34940662.0,582.3443666666667
out of africa,31000000.0,227514205.0,196514205.0,633.9167903225807
day of the dead,3500000.0,5000000.0,1500000.0,42.857142857142854
national lampoon's european vacation,17000000.0,49364621.0,32364621.0,190.38012352941175
spies like us,22000000.0,60088980.0,38088980.0,173.1317272727273
house,3000000.0,19444631.0,16444631.0,548.1543666666666
police academy 2: their first assignment,7600000.0,55600000.0,48000000.0,631.578947368421
the black cauldron,44000000.0,21288692.0,-22711308.0,-51.616609090909094
friday the 13th: a new beginning,2200000.0,21930418.0,19730418.0,896.8371818181819
runaway train,9000000.0,7683620.0,-1316380.0,-14.626444444444445
re-animator,900000.0,2023414.0,1123414.0,124.82377777777778
brewster's millions,20000000.0,45833132.0,25833132.0,129.16566
the last dragon,10000000.0,25754284.0,15754284.0,157.54284
desperately seeking susan,4500000.0,27398584.0,22898584.0,508.8574222222222
jagged edge,15000000.0,40491165.0,25491165.0,169.9411
enemy mine,40000000.0,12303411.0,-27696589.0,-69.2414725
the jewel of the nile,25000000.0,96773200.0,71773200.0,287.0928
once bitten,3200000.0,10000000.0,6800000.0,212.5
into the night,8000000.0,7562164.0,-437836.0,-5.47295
the sure thing,4500000.0,18135531.0,13635531.0,303.0118
white nights,20000000.0,42160849.0,22160849.0,110.804245
silver bullet,7000000.0,12361866.0,5361866.0,76.59808571428572
young sherlock holmes,18000000.0,19739575.0,1739575.0,9.664305555555556
smooth talk,2400000.0,16785.0,-2383215.0,-99.300625
porky's revenge,9000000.0,20518905.0,11518905.0,127.98783333333333
year of the dragon,24000000.0,18707466.0,-5292534.0,-22.052225
the quiet earth,1000000.0,2123135.0,1123135.0,112.3135
mishima: a life in four chapters,5000000.0,569996.0,-4430004.0,-88.60008
a chorus line,27000000.0,14202899.0,-12797101.0,-47.39667037037037
cat's eye,7000000.0,13086298.0,6086298.0,86.94711428571429
murphy's romance,13000000.0,30867525.0,17867525.0,137.4425
fandango,7000000.0,91666.0,-6908334.0,-98.69048571428571
death wish 3,9000000.0,16116878.0,7116878.0,79.07642222222222
king solomon's mines,12500000.0,15057465.0,2557465.0,20.45972
american warrior,1000000.0,10499694.0,9499694.0,949.9694
the falcon and the snowman,12000000.0,17130087.0,5130087.0,42.750725
transylvania 6-5000,3000000.0,7196872.0,4196872.0,139.89573333333334
desert hearts,1250000.0,2492088.0,1242088.0,99.36703999999999
the purple rose of cairo,15000000.0,10631333.0,-4368667.0,-29.124446666666664
the man with one red shoe,16000000.0,8645411.0,-7354589.0,-45.96618125
invasion u.s.a.,10000000.0,17536256.0,7536256.0,75.36256
revolution,28000000.0,358574.0,-27641426.0,-98.71937857142858
code of silence,7000000.0,20345361.0,13345361.0,190.64801428571428
crimewave,3000000.0,5101.0,-2994899.0,-99.82996666666666
santa claus: the movie,50000000.0,23717291.0,-26282709.0,-52.565417999999994
agnes of god,10000000.0,25627836.0,15627836.0,156.27836
stick,22000000.0,8489518.0,-13510482.0,-61.41128181818182
the bride,13000000.0,3558669.0,-9441331.0,-72.62562307692308
godzilla 1985,2000000.0,4116395.0,2116395.0,105.81974999999998
plenty,10000000.0,6148000.0,-3852000.0,-38.519999999999996
king david,22000000.0,5111099.0,-16888901.0,-76.76773181818182
missing in action 2: the beginning,2410000.0,10755447.0,8345447.0,346.28410788381746
the protector,5000000.0,981817.0,-4018183.0,-80.36366000000001
the mean season,7000000.0,4349446.0,-2650554.0,-37.86505714285715
krush groove,3000000.0,11052713.0,8052713.0,268.42376666666667
he-man and she-ra: the secret of the sword,2000000.0,7660857.0,5660857.0,283.04285
starchaser: the legend of orin,15000000.0,3360800.0,-11639200.0,-77.59466666666667
the care bears movie,2000000.0,22934622.0,20934622.0,1046.7311
twice in a lifetime,8000000.0,8402424.0,402424.0,5.0303
o.c. and stiggs,7000000.0,29815.0,-6970185.0,-99.57407142857143
fever pitch,7000000.0,618847.0,-6381153.0,-91.15932857142856
rappin',2000000.0,2864844.0,864844.0,43.2422
top gun,15000000.0,357288178.0,342288178.0,2281.9211866666665
aliens,18500000.0,131060248.0,112560248.0,608.433772972973
stand by me,8000000.0,52287414.0,44287414.0,553.592675
ferris bueller's day off,6000000.0,70720215.0,64720215.0,1078.6702500000001
crocodile dundee,8800000.0,328203506.0,319403506.0,3629.5852954545453
labyrinth,25000000.0,13915874.0,-11084126.0,-44.336504
highlander,16000000.0,5900712.0,-10099288.0,-63.120549999999994
big trouble in little china,25000000.0,11100577.0,-13899423.0,-55.597691999999995
pretty in pink,9000000.0,40479480.0,31479480.0,349.772
platoon,6000000.0,138545632.0,132545632.0,2209.0938666666666
blue velvet,6000000.0,8618766.0,2618766.0,43.6461
manhunter,15000000.0,8621783.0,-6378217.0,-42.52144666666667
howard the duck,37000000.0,37962774.0,962774.0,2.602091891891892
the fly,15000000.0,60629159.0,45629159.0,304.1943933333333
little shop of horrors,25000000.0,38983045.0,13983045.0,55.932179999999995
the mosquito coast,25000000.0,14302779.0,-10697221.0,-42.788883999999996
river's edge,1900000.0,4600000.0,2700000.0,142.10526315789474
9½ weeks,17000000.0,6735922.0,-10264078.0,-60.3769294117647
the golden child,25000000.0,79817937.0,54817937.0,219.27174800000003
star trek iv: the voyage home,25000000.0,109713132.0,84713132.0,338.852528
short circuit,15000000.0,40697761.0,25697761.0,171.31840666666668
the delta force,12000000.0,17768900.0,5768900.0,48.07416666666667
the wraith,2700000.0,3500000.0,800000.0,29.629629629629626
the color of money,13800000.0,52293982.0,38493982.0,278.94189855072466
hoosiers,6000000.0,28607524.0,22607524.0,376.79206666666664
heartbreak ridge,15000000.0,42724017.0,27724017.0,184.82677999999999
flight of the navigator,9000000.0,18564613.0,9564613.0,106.27347777777779
cobra,25000000.0,49042224.0,24042224.0,96.168896
peggy sue got married,18000000.0,41488348.0,23488348.0,130.49082222222222
the mission,24500000.0,17502499.0,-6997501.0,-28.561228571428572
three amigos!,25000000.0,39246734.0,14246734.0,56.986936
maximum overdrive,10000000.0,7433663.0,-2566337.0,-25.66337
lucas,6000000.0,8200000.0,2200000.0,36.666666666666664
friday the 13th part vi: jason lives,3000000.0,19472057.0,16472057.0,549.0685666666667
the money pit,10000000.0,54999651.0,44999651.0,449.99651
back to school,11000000.0,91258000.0,80258000.0,729.6181818181818
about last night,8500000.0,38702310.0,30202310.0,355.3212941176471
critters,2000000.0,13167232.0,11167232.0,558.3616000000001
the texas chainsaw massacre 2,4700000.0,8025872.0,3325872.0,70.7632340425532
from beyond,4500000.0,1261000.0,-3239000.0,-71.97777777777777
sid and nancy,4000000.0,2850707.0,-1149293.0,-28.732324999999996
henry: portrait of a serial killer,111000.0,609939.0,498939.0,449.4945945945946
night of the creeps,5000000.0,591366.0,-4408634.0,-88.17268
the hitcher,6000000.0,5844868.0,-155132.0,-2.5855333333333332
spacecamp,18000000.0,9697739.0,-8302261.0,-46.123672222222226
raw deal,8500000.0,16209459.0,7709459.0,90.69951764705883
hannah and her sisters,6400000.0,40084041.0,33684041.0,526.3131406250001
the great mouse detective,14000000.0,38625550.0,24625550.0,175.8967857142857
ruthless people,13000000.0,71624879.0,58624879.0,450.96060769230763
the transformers: the movie,6000000.0,5860601.0,-139399.0,-2.3233166666666665
troll,1100000.0,5450815.0,4350815.0,395.5286363636364
at close range,6500000.0,2347000.0,-4153000.0,-63.892307692307696
something wild,7000000.0,8362969.0,1362969.0,19.470985714285717
heartburn,20000000.0,25314189.0,5314189.0,26.570945000000002
the clan of the cave bear,15000000.0,1953732.0,-13046268.0,-86.97511999999999
she's gotta have it,175000.0,7137502.0,6962502.0,3978.572571428571
8 million ways to die,18000000.0,1305114.0,-16694886.0,-92.74936666666666
down by law,1100000.0,1504286.0,404286.0,36.75327272727273
poltergeist ii: the other side,19000000.0,40996665.0,21996665.0,115.77192105263158
allan quatermain and the lost city of gold,13000000.0,3751699.0,-9248301.0,-71.14077692307691
children of a lesser god,10500000.0,31853080.0,21353080.0,203.36266666666666
invaders from mars,12000000.0,4884663.0,-7115337.0,-59.294475000000006
down and out in beverly hills,14000000.0,62134225.0,48134225.0,343.81589285714284
april fool's day,5000000.0,12947763.0,7947763.0,158.95526
the big easy,8500000.0,17685307.0,9185307.0,108.06243529411765
pirates,40000000.0,1641825.0,-38358175.0,-95.8954375
no mercy,14000000.0,12303904.0,-1696096.0,-12.11497142857143
lady jane,8500000.0,277646.0,-8222354.0,-96.73357647058823
club paradise,15000000.0,12308521.0,-2691479.0,-17.943193333333333
armed and dangerous,12000000.0,15945534.0,3945534.0,32.87945
f/x,10000000.0,20603715.0,10603715.0,106.03715
king kong lives,10000000.0,4711220.0,-5288780.0,-52.8878
wise guys,13000000.0,8475466.0,-4524534.0,-34.80410769230769
solarbabies,25000000.0,1579260.0,-23420740.0,-93.68296000000001
the manhattan project,18000000.0,3900000.0,-14100000.0,-78.33333333333333
gung ho,18000000.0,36611610.0,18611610.0,103.39783333333334
murphy's law,6000000.0,9947631.0,3947631.0,65.79384999999999
band of the hand,8700000.0,4865912.0,-3834088.0,-44.06997701149425
vamp,3300000.0,4941117.0,1641117.0,49.73081818181818
haunted honeymoon,13000000.0,8033397.0,-4966603.0,-38.20463846153846
tough guys,10000000.0,21458229.0,11458229.0,114.58229
the best of times,12000000.0,7817314.0,-4182686.0,-34.855716666666666
firewalker,8000000.0,11949484.0,3949484.0,49.36855
witchboard,2000000.0,7369373.0,5369373.0,268.46865
legal eagles,40000000.0,93151591.0,53151591.0,132.8789775
"jo jo dancer, your life is calling",14000000.0,18034150.0,4034150.0,28.815357142857145
the morning after,15000000.0,25147055.0,10147055.0,67.64703333333333
crimes of the heart,20000000.0,22905522.0,2905522.0,14.52761
avenging force,4000000.0,4679650.0,679650.0,16.99125
heat,17000000.0,2793214.0,-14206786.0,-83.5693294117647
shanghai surprise,17000000.0,2315683.0,-14684317.0,-86.37833529411765
power,16000000.0,3800000.0,-12200000.0,-76.25
brighton beach memoirs,18000000.0,11957943.0,-6042057.0,-33.56698333333333
violets are blue...,10000000.0,4743287.0,-5256713.0,-52.56712999999999
tai-pan,25000000.0,4007250.0,-20992750.0,-83.97099999999999
blue city,10000000.0,6947787.0,-3052213.0,-30.522129999999997
sky bandits,18000000.0,2295500.0,-15704500.0,-87.24722222222222
born american,3401376.0,3388020.0,-13356.0,-0.3926646157319861
native son,2000000.0,1301121.0,-698879.0,-34.94395
the princess bride,16000000.0,30902642.0,14902642.0,93.1415125
full metal jacket,30000000.0,46357676.0,16357676.0,54.52558666666667
predator,15000000.0,98268458.0,83268458.0,555.1230533333334
robocop,13000000.0,53424681.0,40424681.0,310.9590846153846
dirty dancing,6000000.0,214577242.0,208577242.0,3476.2873666666665
adventures in babysitting,7000000.0,34368475.0,27368475.0,390.9782142857143
the untouchables,25000000.0,76270454.0,51270454.0,205.081816
spaceballs,22700000.0,38119483.0,15419483.0,67.92723788546256
raising arizona,6000000.0,29180280.0,23180280.0,386.33799999999997
lethal weapon,15000000.0,120207127.0,105207127.0,701.3808466666666
near dark,5000000.0,3369307.0,-1630693.0,-32.61386
mannequin,6000000.0,42721196.0,36721196.0,612.0199333333334
masters of the universe,22000000.0,17336370.0,-4663630.0,-21.19831818181818
fatal attraction,14000000.0,320145693.0,306145693.0,2186.75495
empire of the sun,35000000.0,22238696.0,-12761304.0,-36.46086857142857
no way out,15000000.0,35509515.0,20509515.0,136.73010000000002
the witches of eastwick,22000000.0,63766510.0,41766510.0,189.84777272727274
the running man,27000000.0,38122105.0,11122105.0,41.19298148148148
black widow,10500000.0,25205460.0,14705460.0,140.052
angel heart,17000000.0,17186348.0,186348.0,1.096164705882353
moonstruck,15000000.0,80642217.0,65642217.0,437.61478
jaws: the revenge,23000000.0,51881013.0,28881013.0,125.56962173913044
wall street,15000000.0,43848069.0,28848069.0,192.32046
"good morning, vietnam",13000000.0,123922370.0,110922370.0,853.2489999999999
a nightmare on elm street 3: dream warriors,4500000.0,44793222.0,40293222.0,895.4049333333334
"planes, trains & automobiles",30000000.0,49530280.0,19530280.0,65.10093333333333
overboard,22000000.0,26713187.0,4713187.0,21.42357727272727
beverly hills cop ii,28000000.0,299965036.0,271965036.0,971.3036999999999
superman iv: the quest for peace,17000000.0,15681020.0,-1318980.0,-7.758705882352941
the secret of my success,12000000.0,110996879.0,98996879.0,824.9739916666666
evil dead ii,3600000.0,5923798.0,2323798.0,64.54994444444444
innerspace,27000000.0,25893810.0,-1106190.0,-4.0969999999999995
the living daylights,40000000.0,51186259.0,11186259.0,27.965647500000003
over the top,25000000.0,16057580.0,-8942420.0,-35.76968
three men and a baby,11000000.0,167780960.0,156780960.0,1425.2814545454546
la bamba,6500000.0,54215416.0,47715416.0,734.0833230769231
the monster squad,12000000.0,3769990.0,-8230010.0,-68.58341666666666
prince of darkness,3000000.0,14182492.0,11182492.0,372.7497333333333
broadcast news,20000000.0,67331309.0,47331309.0,236.656545
harry and the hendersons,10000000.0,49998613.0,39998613.0,399.98613
creepshow 2,3500000.0,14000000.0,10500000.0,300.0
*batteries not included,25000000.0,65088797.0,40088797.0,160.355188
roxanne,12000000.0,40050884.0,28050884.0,233.75736666666666
dragnet,20000000.0,66673516.0,46673516.0,233.36758
throw momma from the train,14000000.0,57915972.0,43915972.0,313.68551428571425
teen wolf too,3000000.0,7888703.0,4888703.0,162.95676666666668
ernest goes to camp,3500000.0,23509382.0,20009382.0,571.6966285714285
the hidden,5000000.0,9747988.0,4747988.0,94.95976
the bedroom window,8300000.0,12640385.0,4340385.0,52.29379518072289
barfly,3000000.0,3221568.0,221568.0,7.3856
maid to order,3000000.0,9868521.0,6868521.0,228.95069999999998
blind date,18000000.0,39337581.0,21337581.0,118.54211666666667
no man's land,8000000.0,2877571.0,-5122429.0,-64.03036250000001
ishtar,55000000.0,14375181.0,-40624819.0,-73.86330727272727
tough guys don't dance,5000000.0,858250.0,-4141750.0,-82.83500000000001
the garbage pail kids movie,1000000.0,1576615.0,576615.0,57.6615
radio days,16000000.0,14792779.0,-1207221.0,-7.545131250000001
project x,18000000.0,21589395.0,3589395.0,19.941083333333335
three o'clock high,6000000.0,3685862.0,-2314138.0,-38.56896666666667
the barbarians,4000000.0,800000.0,-3200000.0,-80.0
the believers,13000000.0,18753438.0,5753438.0,44.257215384615385
death wish 4: the crackdown,5000000.0,6880310.0,1880310.0,37.6062
cry freedom,29000000.0,5899797.0,-23100203.0,-79.6558724137931
assassination,5000000.0,6075793.0,1075793.0,21.51586
the pick-up artist,15000000.0,13290368.0,-1709632.0,-11.397546666666667
someone to watch over me,12800000.0,10278549.0,-2521451.0,-19.6988359375
ironweed,27000000.0,7393346.0,-19606654.0,-72.61723703703704
who's that girl,17000000.0,7305209.0,-9694791.0,-57.02818235294118
extreme prejudice,22000000.0,11307844.0,-10692156.0,-48.60070909090909
matewan,4000000.0,1680358.0,-2319642.0,-57.99105
suspect,14500000.0,18782400.0,4282400.0,29.533793103448275
the fourth protocol,6000000.0,12423831.0,6423831.0,107.06385
hiding out,7000000.0,7019441.0,19441.0,0.27772857142857144
made in heaven,13000000.0,4572845.0,-8427155.0,-64.82426923076923
date with an angel,8000000.0,1988962.0,-6011038.0,-75.137975
critical condition,14000000.0,20240502.0,6240502.0,44.57501428571429
like father like son,10500000.0,34377585.0,23877585.0,227.40557142857142
steel dawn,3520000.0,562187.0,-2957813.0,-84.0287784090909
tin men,11000000.0,25411386.0,14411386.0,131.0126
prison,4000000.0,345704.0,-3654296.0,-91.3574
street smart,5000000.0,1119112.0,-3880888.0,-77.61776
the house on carroll street,14000000.0,459824.0,-13540176.0,-96.71554285714285
the principal,11000000.0,19734940.0,8734940.0,79.40854545454545
american ninja 2: the confrontation,350000.0,4000000.0,3650000.0,1042.857142857143
a prayer for the dying,6000000.0,1432687.0,-4567313.0,-76.12188333333333
slam dance,4500000.0,406881.0,-4093119.0,-90.9582
rampage,7500000.0,796368.0,-6703632.0,-89.38176
the sicilian,9000000.0,5406879.0,-3593121.0,-39.923566666666666
the outing,2000000.0,1083395.0,-916605.0,-45.83025
leonard part 6,24000000.0,4615255.0,-19384745.0,-80.76977083333333
white mischief,5300000.0,3107551.0,-2192449.0,-41.36696226415094
hollywood shuffle,100000.0,5228617.0,5128617.0,5128.617
nuts,25000000.0,30950002.0,5950002.0,23.800008000000002
malone,10000000.0,3060858.0,-6939142.0,-69.39142000000001
straight to hell,1000000.0,210200.0,-789800.0,-78.97999999999999
five corners,5500000.0,969205.0,-4530795.0,-82.3780909090909
the squeeze,19000000.0,2228951.0,-16771049.0,-88.26867894736841
nadine,12000000.0,5669831.0,-6330169.0,-52.75140833333334
personal services,19897678.0,1744164.0,-18153514.0,-91.2343339760549
in the mood,7000000.0,999382.0,-6000618.0,-85.72311428571429
surrender,15000000.0,5711976.0,-9288024.0,-61.92016
september,10000000.0,486434.0,-9513566.0,-95.13566
"sister, sister",4000000.0,743445.0,-3256555.0,-81.413875
million dollar mystery,10000000.0,989033.0,-9010967.0,-90.10967
die hard,28000000.0,141603197.0,113603197.0,405.72570357142854
midnight run,30000000.0,81613606.0,51613606.0,172.04535333333334
beetlejuice,15000000.0,74270074.0,59270074.0,395.13382666666666
big,18000000.0,151927281.0,133927281.0,744.04045
rain man,25000000.0,354825435.0,329825435.0,1319.30174
running on empty,7000000.0,2847941.0,-4152059.0,-59.31512857142857
they live,4000000.0,13008928.0,9008928.0,225.2232
willow,35000000.0,57269863.0,22269863.0,63.62818
crocodile dundee ii,14000000.0,239606210.0,225606210.0,1611.4729285714286
heathers,3000000.0,1163969.0,-1836031.0,-61.201033333333335
coming to america,39000000.0,288752301.0,249752301.0,640.3905153846154
who framed roger rabbit,70000000.0,329803958.0,259803958.0,371.14851142857145
mystic pizza,6000000.0,12793213.0,6793213.0,113.22021666666666
cinema paradiso,5000000.0,13019063.0,8019063.0,160.38126
mississippi burning,15000000.0,34603943.0,19603943.0,130.69295333333332
child's play,9000000.0,44196684.0,35196684.0,391.0742666666667
twins,15000000.0,216614388.0,201614388.0,1344.09592
the naked gun: from the files of police squad!,12000000.0,78756177.0,66756177.0,556.301475
the great outdoors,24000000.0,43455230.0,19455230.0,81.06345833333334
cocktail,20000000.0,171504781.0,151504781.0,757.523905
my neighbor totoro,3700000.0,30550920.0,26850920.0,725.7005405405406
young guns,13000000.0,45661556.0,32661556.0,251.24273846153847
a fish called wanda,7500000.0,62493712.0,54993712.0,733.2494933333332
working girl,28000000.0,102953112.0,74953112.0,267.6896857142857
bloodsport,1100000.0,11806119.0,10706119.0,973.2835454545456
the last temptation of christ,7000000.0,8865702.0,1865702.0,26.652885714285713
married to the mob,10000000.0,21486757.0,11486757.0,114.86757
the land before time,12500000.0,84460846.0,71960846.0,575.686768
rambo iii,63000000.0,189015611.0,126015611.0,200.02477936507938
the accused,13000000.0,32078318.0,19078318.0,146.75629230769232
dangerous liaisons,14000000.0,34670720.0,20670720.0,147.648
earth girls are easy,10000000.0,3916303.0,-6083697.0,-60.83697
hairspray,2000000.0,6673032.0,4673032.0,233.6516
dead ringers,13000000.0,8038508.0,-4961492.0,-38.16532307692307
bull durham,7000000.0,50888729.0,43888729.0,626.9818428571429
the unbearable lightness of being,17000000.0,10006806.0,-6993194.0,-41.136435294117646
the blob,19000000.0,8247943.0,-10752057.0,-56.589773684210535
oliver & company,31000000.0,74151346.0,43151346.0,139.19789032258066
beaches,20000000.0,57041866.0,37041866.0,185.20933
red heat,29000000.0,34994648.0,5994648.0,20.6712
a nightmare on elm street 4: the dream master,13000000.0,49369899.0,36369899.0,279.7684538461538
the adventures of baron munchausen,46630000.0,8083123.0,-38546877.0,-82.6654021016513
halloween 4: the return of michael myers,5000000.0,17768757.0,12768757.0,255.37514
elvira: mistress of the dark,7500000.0,5596267.0,-1903733.0,-25.383106666666666
mac and me,13000000.0,6424112.0,-6575888.0,-50.58375384615385
above the law,7500000.0,18869631.0,11369631.0,151.59508
scrooged,32000000.0,60329001.0,28329001.0,88.52812812500001
the dead pool,31000000.0,37903295.0,6903295.0,22.2686935483871
i'm gonna git you sucka,3000000.0,13030057.0,10030057.0,334.33523333333335
pumpkinhead,3500000.0,4385516.0,885516.0,25.30045714285714
friday the 13th part vii: the new blood,2800000.0,19170001.0,16370001.0,584.6428928571428
license to drive,8000000.0,22433275.0,14433275.0,180.4159375
hellbound: hellraiser ii,3000000.0,12090735.0,9090735.0,303.0245
frantic,20000000.0,17637950.0,-2362050.0,-11.81025
colors,6000000.0,46616067.0,40616067.0,676.93445
my stepmother is an alien,20000000.0,13854000.0,-6146000.0,-30.73
a cry in the dark,15000000.0,6908797.0,-8091203.0,-53.94135333333333
the lair of the white worm,2500000.0,1189315.0,-1310685.0,-52.4274
high spirits,17000000.0,8578231.0,-8421769.0,-49.539817647058825
vampire's kiss,2000000.0,725131.0,-1274869.0,-63.74345
return of the living dead ii,6200000.0,9205924.0,3005924.0,48.48264516129032
the new adventures of pippi longstocking,5000000.0,3569939.0,-1430061.0,-28.601219999999998
eight men out,6000000.0,5680515.0,-319485.0,-5.32475
maniac cop,1100000.0,671382.0,-428618.0,-38.965272727272726
women on the verge of a nervous breakdown,700000.0,7263129.0,6563129.0,937.5898571428571
she's having a baby,20000000.0,16031707.0,-3968293.0,-19.841465
tequila sunrise,23000000.0,41292551.0,18292551.0,79.53283043478261
night of the demons,1200000.0,3109904.0,1909904.0,159.15866666666668
biloxi blues,20000000.0,51684798.0,31684798.0,158.42399
shag,5000000.0,6957975.0,1957975.0,39.1595
cocoon: the return,17500000.0,25024919.0,7524919.0,42.99953714285714
poltergeist iii,10500000.0,14114488.0,3614488.0,34.423695238095235
waxwork,3000000.0,808114.0,-2191886.0,-73.06286666666666
funny farm,19000000.0,25537221.0,6537221.0,34.406426315789474
fright night part 2,7500000.0,2983784.0,-4516216.0,-60.216213333333336
caddyshack ii,20000000.0,11798302.0,-8201698.0,-41.008489999999995
school daze,6500000.0,14545844.0,8045844.0,123.78221538461538
johnny be good,22000000.0,17550399.0,-4449601.0,-20.22545909090909
short circuit 2,15000000.0,21630088.0,6630088.0,44.200586666666666
the serpent and the rainbow,7000000.0,19595031.0,12595031.0,179.9290142857143
monkey shines,7000000.0,5344577.0,-1655423.0,-23.6489
masquerade,12000000.0,15855828.0,3855828.0,32.1319
phantasm ii,3000000.0,7282851.0,4282851.0,142.7617
tucker: the man and his dream,23000000.0,19652638.0,-3347362.0,-14.553747826086957
action jackson,7000000.0,20256975.0,13256975.0,189.38535714285715
"bright lights, big city",25000000.0,16118077.0,-8881923.0,-35.527692
shoot to kill,15000000.0,29300090.0,14300090.0,95.33393333333333
the beast of war,8000000.0,161004.0,-7838996.0,-97.98745
lady in white,4700000.0,1705139.0,-2994861.0,-63.72044680851063
gorillas in the mist,22000000.0,61149479.0,39149479.0,177.95217727272728
alien nation,16000000.0,32155047.0,16155047.0,100.96904375
betrayed,19000000.0,25816139.0,6816139.0,35.87441578947369
miracle mile,3700000.0,1145404.0,-2554596.0,-69.04313513513513
appointment with death,6000000.0,960040.0,-5039960.0,-83.99933333333334
critters 2,4500000.0,3813293.0,-686707.0,-15.260155555555555
dead heat,5000000.0,3588626.0,-1411374.0,-28.22748
talk radio,4000000.0,3468572.0,-531428.0,-13.2857
the milagro beanfield war,22000000.0,13825794.0,-8174206.0,-37.15548181818182
fresh horses,14000000.0,6640346.0,-7359654.0,-52.568957142857144
bird,9000000.0,2181286.0,-6818714.0,-75.76348888888889
punchline,15000000.0,21042667.0,6042667.0,40.28444666666667
little nikita,15000000.0,1733070.0,-13266930.0,-88.44619999999999
vibes,18000000.0,1883811.0,-16116189.0,-89.53438333333334
red scorpion,16000000.0,4192440.0,-11807560.0,-73.79725
rocket gibraltar,3000000.0,187349.0,-2812651.0,-93.75503333333334
1969,7000000.0,5979011.0,-1020989.0,-14.585557142857141
memories of me,12000000.0,3965604.0,-8034396.0,-66.9533
the couch trip,19000000.0,11005304.0,-7994696.0,-42.07734736842105
bad dreams,4000000.0,9797098.0,5797098.0,144.92745
another woman,10000000.0,1562749.0,-8437251.0,-84.37251
sunset,16000000.0,4594452.0,-11405548.0,-71.284675
cop,3000000.0,1984315.0,-1015685.0,-33.85616666666667
pulse,6000000.0,40397.0,-5959603.0,-99.32671666666667
stormy monday,4000000.0,1791328.0,-2208672.0,-55.2168
switching channels,18000000.0,9129999.0,-8870001.0,-49.27778333333334
crossing delancey,4000000.0,16262415.0,12262415.0,306.560375
shakedown,6000000.0,10068039.0,4068039.0,67.80064999999999
everybody's all-american,22000000.0,12638294.0,-9361706.0,-42.553209090909085
heartbreak hotel,13000000.0,5509417.0,-7490583.0,-57.619869230769226
the kiss,6000000.0,1869148.0,-4130852.0,-68.84753333333333
spellbinder,6000000.0,657446.0,-5342554.0,-89.04256666666667
permanent record,8000000.0,1893139.0,-6106861.0,-76.3357625
illegally yours,13000000.0,259019.0,-12740981.0,-98.00754615384616
track 29,5000000.0,429028.0,-4570972.0,-91.41944
ernest saves christmas,6000000.0,28202109.0,22202109.0,370.03515
moon over parador,20000000.0,11444204.0,-8555796.0,-42.77898
off limits,12000000.0,7242035.0,-4757965.0,-39.649708333333336
tapeheads,3000000.0,343786.0,-2656214.0,-88.54046666666666
apartment zero,4000000.0,1267578.0,-2732422.0,-68.31055
the good mother,14000000.0,4764606.0,-9235394.0,-65.9671
indiana jones and the last crusade,48000000.0,474171806.0,426171806.0,887.8579291666666
road house,17000000.0,30050028.0,13050028.0,76.76487058823528
batman,35000000.0,411508343.0,376508343.0,1075.7381228571428
bill & ted's excellent adventure,10000000.0,40508994.0,30508994.0,305.08994
dead poets society,16400000.0,235860116.0,219460116.0,1338.17143902439
the little mermaid,40000000.0,211343479.0,171343479.0,428.35869750000006
the abyss,70000000.0,90000098.0,20000098.0,28.571568571428575
back to the future part ii,40000000.0,332500002.0,292500002.0,731.250005
do the right thing,6500000.0,37295445.0,30795445.0,473.77607692307697
"honey, i shrunk the kids",18000000.0,222724172.0,204724172.0,1137.356511111111
turner & hooch,13000000.0,71079915.0,58079915.0,446.7685769230769
"sex, lies, and videotape",1200000.0,24741667.0,23541667.0,1961.8055833333333
when harry met sally...,16000000.0,93232006.0,77232006.0,482.7000375
major league,11000000.0,49797148.0,38797148.0,352.70134545454545
steel magnolias,15000000.0,96759512.0,81759512.0,545.0634133333334
pet sematary,11500000.0,57470138.0,45970138.0,399.7403304347826
uncle buck,15000000.0,79258538.0,64258538.0,428.39025333333336
ghostbusters ii,37000000.0,215394738.0,178394738.0,482.1479405405405
tango & cash,55000000.0,63408614.0,8408614.0,15.28838909090909
born on the fourth of july,14000000.0,161001698.0,147001698.0,1050.0121285714285
glory,18000000.0,26979166.0,8979166.0,49.884255555555555
parenthood,20000000.0,126297830.0,106297830.0,531.48915
lethal weapon 2,28000000.0,227853986.0,199853986.0,713.7642357142857
national lampoon's christmas vacation,27000000.0,73594646.0,46594646.0,172.57276296296297
the 'burbs,18000000.0,49101993.0,31101993.0,172.78885
license to kill,32000000.0,156167015.0,124167015.0,388.02192187500003
harlem nights,30000000.0,60864870.0,30864870.0,102.8829
lock up,24000000.0,22099847.0,-1900153.0,-7.917304166666667
warlock,7000000.0,9094451.0,2094451.0,29.920728571428572
"see no evil, hear no evil",18000000.0,46908987.0,28908987.0,160.60548333333332
casualties of war,22500000.0,18671317.0,-3828683.0,-17.016368888888888
the package,18000000.0,10647219.0,-7352781.0,-40.84878333333333
the war of the roses,26000000.0,160188546.0,134188546.0,516.1097923076923
the wizard,6000000.0,14278900.0,8278900.0,137.98166666666668
uhf,5000000.0,6157157.0,1157157.0,23.143140000000002
look who's talking,7500000.0,296999813.0,289499813.0,3859.9975066666666
star trek v: the final frontier,27800000.0,52210049.0,24410049.0,87.80593165467626
all dogs go to heaven,13800000.0,27100027.0,13300027.0,96.3770072463768
cyborg,500000.0,10166459.0,9666459.0,1933.2918
always,31000000.0,74134790.0,43134790.0,139.14448387096775
leviathan,25000000.0,15704614.0,-9295386.0,-37.181544
best of the best,5000000.0,1700000.0,-3300000.0,-66.0
dead calm,10400000.0,7825009.0,-2574991.0,-24.75952884615385
kickboxer,1500000.0,14697005.0,13197005.0,879.8003333333334
black rain,30000000.0,134212055.0,104212055.0,347.37351666666666
troop beverly hills,18000000.0,8508843.0,-9491157.0,-52.72865
driving miss daisy,7500000.0,145793296.0,138293296.0,1843.9106133333332
drugstore cowboy,2500000.0,4729352.0,2229352.0,89.17408
a nightmare on elm street 5: the dream child,6000000.0,22168359.0,16168359.0,269.47265
halloween 5: the revenge of michael myers,5000000.0,11642254.0,6642254.0,132.84508
deepstar six,8000000.0,8143225.0,143225.0,1.7903125
sea of love,19000000.0,110879513.0,91879513.0,483.57638421052627
skin deep,9000000.0,19674852.0,10674852.0,118.60946666666668
k-9,17000000.0,78247647.0,61247647.0,360.2802764705882
lean on me,10000000.0,31906454.0,21906454.0,219.06454000000002
henry v,9000000.0,10161099.0,1161099.0,12.9011
friday the 13th part viii: jason takes manhattan,5000000.0,14343976.0,9343976.0,186.87952
valmont,33000000.0,1132112.0,-31867888.0,-96.56935757575758
scandal,7000000.0,8800000.0,1800000.0,25.71428571428571
the fabulous baker boys,13000000.0,18428904.0,5428904.0,41.760799999999996
shocker,5000000.0,16554699.0,11554699.0,231.09398
next of kin,12000000.0,15942628.0,3942628.0,32.85523333333333
mystery train,2800000.0,1544973.0,-1255027.0,-44.82239285714286
blaze,22000000.0,19131246.0,-2868754.0,-13.03979090909091
the rainbow,11987578.0,444055.0,-11543523.0,-96.29570710613937
gleaming the cube,10000000.0,2777280.0,-7222720.0,-72.2272
fletch lives,8000000.0,39450960.0,31450960.0,393.137
communion,5000000.0,1919653.0,-3080347.0,-61.60694
crimes and misdemeanors,19000000.0,18254702.0,-745298.0,-3.9226210526315786
let it ride,18000000.0,4973285.0,-13026715.0,-72.37063888888889
kill me again,4000000.0,283694.0,-3716306.0,-92.90765
chances are,16000000.0,16278590.0,278590.0,1.7411875
the dream team,15000000.0,28890240.0,13890240.0,92.60159999999999
little nemo: adventures in slumberland,35000000.0,1368000.0,-33632000.0,-96.09142857142857
kinjite: forbidden subjects,5000000.0,3416846.0,-1583154.0,-31.66308
new york stories,15000000.0,10763469.0,-4236531.0,-28.24354
cousins,13000000.0,22026369.0,9026369.0,69.4336076923077
blind fury,10000000.0,2692037.0,-7307963.0,-73.07963
the return of swamp thing,4000000.0,192816.0,-3807184.0,-95.1796
we're no angels,20000000.0,10555348.0,-9444652.0,-47.22326
johnny handsome,20000000.0,7237794.0,-12762206.0,-63.81103
fat man and little boy,30000000.0,3563162.0,-26436838.0,-88.12279333333333
police academy 6: city under siege,12000000.0,11567217.0,-432783.0,-3.606525
pink cadillac,19000000.0,12143484.0,-6856516.0,-36.086926315789476
three fugitives,15000000.0,40586886.0,25586886.0,170.57924
robot jox,10000000.0,1272977.0,-8727023.0,-87.27023
no holds barred,8000000.0,16093651.0,8093651.0,101.1706375
stepfather ii: make room for daddy,1500000.0,1519796.0,19796.0,1.3197333333333334
the big picture,5000000.0,117463.0,-4882537.0,-97.65074
parents,3000000.0,870532.0,-2129468.0,-70.98226666666667
dad,19000000.0,27503037.0,8503037.0,44.75282631578948
speed zone,18000000.0,3077361.0,-14922639.0,-82.90355000000001
longtime companion,3000000.0,4609953.0,1609953.0,53.665099999999995
heart of dixie,8000000.0,1097333.0,-6902667.0,-86.2833375
a dry white season,9000000.0,3766879.0,-5233121.0,-58.145788888888895
the horror show,3000000.0,1738897.0,-1261103.0,-42.036766666666665
the toxic avenger part ii,2300000.0,792966.0,-1507034.0,-65.52321739130434
dead bang,14500000.0,8125592.0,-6374408.0,-43.96143448275862
gross anatomy,8500000.0,11604598.0,3104598.0,36.52468235294118
renegades,16000000.0,9015164.0,-6984836.0,-43.655224999999994
sing,11500000.0,2260616.0,-9239384.0,-80.34246956521739
after midnight,3000000.0,76325.0,-2923675.0,-97.45583333333333
farewell to the king,20000000.0,2420917.0,-17579083.0,-87.895415
immediate family,14000000.0,5932613.0,-8067387.0,-57.62419285714285
in country,18000000.0,3531971.0,-14468029.0,-80.37793888888889
"enemies, a love story",9500000.0,7754571.0,-1745429.0,-18.372936842105265
physical evidence,17000000.0,3560932.0,-13439068.0,-79.0533411764706
brenda starr,16000000.0,67878.0,-15932122.0,-99.5757625
how i got into college,10000000.0,1642239.0,-8357761.0,-83.57761
old gringo,34000000.0,3574256.0,-30425744.0,-89.48748235294117
relentless,4000000.0,6985999.0,2985999.0,74.649975
cheetah,5000000.0,8153677.0,3153677.0,63.073539999999994
rude awakening,10000000.0,3169719.0,-6830281.0,-68.30281000000001
bloodhounds of broadway,4000000.0,43671.0,-3956329.0,-98.908225
the lemon sisters,9000000.0,3473905.0,-5526095.0,-61.40105555555555
breaking in,6000000.0,1877618.0,-4122382.0,-68.70636666666667
goodfellas,25000000.0,46963277.0,21963277.0,87.853108
the godfather: part iii,54000000.0,136861392.0,82861392.0,153.44702222222222
total recall,65000000.0,261317921.0,196317921.0,302.02757076923075
pretty woman,14000000.0,463406268.0,449406268.0,3210.0447714285715
home alone,18000000.0,476684675.0,458684675.0,2548.2481944444444
ghost,22000000.0,505703557.0,483703557.0,2198.652531818182
dances with wolves,22000000.0,424208848.0,402208848.0,1828.2220363636363
tremors,11000000.0,16667084.0,5667084.0,51.51894545454545
die hard 2,70000000.0,240031274.0,170031274.0,242.90182
misery,20000000.0,61276872.0,41276872.0,206.38436
kindergarten cop,15000000.0,201957688.0,186957688.0,1246.3845866666666
the bonfire of the vanities,47000000.0,15691192.0,-31308808.0,-66.61448510638299
teenage mutant ninja turtles,13500000.0,201965915.0,188465915.0,1396.0438148148148
edward scissorhands,20000000.0,86024005.0,66024005.0,330.120025
the hunt for red october,30000000.0,200512643.0,170512643.0,568.3754766666666
dick tracy,47000000.0,162738726.0,115738726.0,246.25260851063828
awakenings,31000000.0,52096475.0,21096475.0,68.05314516129032
wild at heart,9500000.0,14561425.0,5061425.0,53.27815789473684
predator 2,35000000.0,57120318.0,22120318.0,63.20090857142857
robocop 2,25000000.0,45681173.0,20681173.0,82.724692
jacob's ladder,25000000.0,26118851.0,1118851.0,4.475404
back to the future part iii,40000000.0,245077583.0,205077583.0,512.6939575
darkman,14000000.0,48878502.0,34878502.0,249.13215714285712
the hot spot,13000000.0,1293976.0,-11706024.0,-90.04633846153847
cry-baby,11000000.0,8266343.0,-2733657.0,-24.85142727272727
presumed innocent,22000000.0,221303188.0,199303188.0,905.9235818181819
arachnophobia,22000000.0,53208180.0,31208180.0,141.85536363636365
days of thunder,60000000.0,157920733.0,97920733.0,163.20122166666667
king of new york,5300000.0,2554476.0,-2745524.0,-51.80233962264151
gremlins 2: the new batch,50000000.0,41482207.0,-8517793.0,-17.035586
rocky v,42000000.0,119946358.0,77946358.0,185.58656666666667
young guns ii,20000000.0,44143410.0,24143410.0,120.71704999999999
miller's crossing,14000000.0,5080409.0,-8919591.0,-63.71136428571429
revenge,22000000.0,15645616.0,-6354384.0,-28.883563636363636
mermaids,20000000.0,35419397.0,15419397.0,77.09698499999999
child's play 2,13000000.0,35763605.0,22763605.0,175.10465384615387
joe versus the volcano,25000000.0,39404261.0,14404261.0,57.61704399999999
slacker,23000.0,1228108.0,1205108.0,5239.6
flatliners,26000000.0,61489265.0,35489265.0,136.49717307692308
quigley down under,20000000.0,21413105.0,1413105.0,7.065525
nightbreed,11000000.0,8862354.0,-2137646.0,-19.433145454545457
the two jakes,19000000.0,10005969.0,-8994031.0,-47.33700526315789
lionheart,6000000.0,24271196.0,18271196.0,304.5199333333333
internal affairs,15000000.0,27734391.0,12734391.0,84.89594
problem child,10000000.0,72270891.0,62270891.0,622.70891
the rescuers down under,30000000.0,27931461.0,-2068539.0,-6.895129999999999
house party,2500000.0,26385627.0,23885627.0,955.42508
another 48 hrs.,38000000.0,153518974.0,115518974.0,303.9973
night of the living dead,4200000.0,5835247.0,1635247.0,38.934452380952386
pacific heights,18000000.0,44926706.0,26926706.0,149.5928111111111
postcards from the edge,22000000.0,39071603.0,17071603.0,77.59819545454546
hard to kill,10000000.0,47410827.0,37410827.0,374.10827
the neverending story ii: the next chapter,36000000.0,17373527.0,-18626473.0,-51.740202777777775
leatherface: texas chainsaw massacre iii,2000000.0,5765562.0,3765562.0,188.2781
frankenhooker,2500000.0,205068.0,-2294932.0,-91.79728
state of grace,18000000.0,1911542.0,-16088458.0,-89.38032222222222
bird on a wire,20000000.0,138697012.0,118697012.0,593.48506
memphis belle,23000000.0,27441977.0,4441977.0,19.31294347826087
the adventures of ford fairlane,20000000.0,21413502.0,1413502.0,7.06751
marked for death,12000000.0,57968936.0,45968936.0,383.07446666666664
slumber party massacre iii,350000.0,1242995.0,892995.0,255.14142857142858
dreams,12000000.0,2970161.0,-9029839.0,-75.24865833333332
air america,35000000.0,33461269.0,-1538731.0,-4.396374285714286
class of 1999,5200000.0,2459895.0,-2740105.0,-52.69432692307693
death warrant,4000000.0,16853487.0,12853487.0,321.337175
quick change,15000000.0,15260154.0,260154.0,1.7343600000000001
hardware,1500000.0,5728953.0,4228953.0,281.9302
mr. destiny,20000000.0,15379253.0,-4620747.0,-23.103735
the freshman,12000000.0,21460601.0,9460601.0,78.83834166666666
navy seals,20000000.0,25069101.0,5069101.0,25.345505000000003
graveyard shift,10500000.0,11582891.0,1082891.0,10.313247619047619
the sheltering sky,25000000.0,2075084.0,-22924916.0,-91.699664
dark angel,7000000.0,4348368.0,-2651632.0,-37.880457142857146
mo' better blues,10000000.0,16153593.0,6153593.0,61.53593000000001
bad influence,7000000.0,12626043.0,5626043.0,80.37204285714286
tales from the darkside: the movie,3500000.0,16324573.0,12824573.0,366.41637142857144
the rookie,10000000.0,21633874.0,11633874.0,116.33874
green card,12500000.0,29888235.0,17388235.0,139.10587999999998
metropolitan,230000.0,2960492.0,2730492.0,1187.1704347826087
almost an angel,25000000.0,6939946.0,-18060054.0,-72.240216
everybody wins,19000000.0,1372350.0,-17627650.0,-92.77710526315789
havana,40000000.0,9645440.0,-30354560.0,-75.8864
the russia house,21800000.0,22997992.0,1197992.0,5.495376146788991
white hunter black heart,24000000.0,2319124.0,-21680876.0,-90.33698333333334
avalon,20000000.0,15779578.0,-4220422.0,-21.10211
fire birds,22000000.0,14760451.0,-7239549.0,-32.90704090909091
alice,12000000.0,7331647.0,-4668353.0,-38.90294166666667
the first power,10000000.0,22424195.0,12424195.0,124.24195
desperate hours,18000000.0,2742912.0,-15257088.0,-84.7616
cadence,4000000.0,2070871.0,-1929129.0,-48.228225
brain dead,2000000.0,1627955.0,-372045.0,-18.60225
ernest goes to jail,9000000.0,25029569.0,16029569.0,178.10632222222222
mountains of the moon,19000000.0,4011793.0,-14988207.0,-78.8853
two evil eyes,9000000.0,349618.0,-8650382.0,-96.11535555555555
trust,700000.0,357400.0,-342600.0,-48.94285714285714
a shock to the system,12000000.0,3417056.0,-8582944.0,-71.52453333333332
the boyfriend school,6700000.0,1171762.0,-5528238.0,-82.51101492537313
roger corman's frankenstein unbound,11500000.0,334748.0,-11165252.0,-97.08914782608696
stanley & iris,23000000.0,5820015.0,-17179985.0,-74.69558695652174
spaced invaders,3000000.0,15369573.0,12369573.0,412.31910000000005
meet the applegates,5000000.0,485772.0,-4514228.0,-90.28456
loose cannons,15000000.0,5585154.0,-9414846.0,-62.76564
where the heart is,15000000.0,1106475.0,-13893525.0,-92.6235
downtown,10000000.0,2346150.0,-7653850.0,-76.5385
gate 2: the trespassers,6500000.0,2032973.0,-4467027.0,-68.72349230769231
come see the paradise,17500000.0,947306.0,-16552694.0,-94.58682285714286
the last of the finest,12000000.0,1531489.0,-10468511.0,-87.23759166666667
graffiti bridge,7500000.0,4562778.0,-2937222.0,-39.162960000000005
sibling rivalry,16000000.0,17854933.0,1854933.0,11.59333125
tune in tomorrow...,11000000.0,1794001.0,-9205999.0,-83.6909
impulse,9000000.0,2544504.0,-6455496.0,-71.72773333333333
terminator 2: judgment day,102000000.0,520881154.0,418881154.0,410.6677980392157
point break,24000000.0,83531958.0,59531958.0,248.049825
the silence of the lambs,19000000.0,272742922.0,253742922.0,1335.4890631578946
hook,70000000.0,300854823.0,230854823.0,329.7926042857143
boyz n the hood,6500000.0,57529070.0,51029070.0,785.0626153846154
cape fear,35000000.0,182291969.0,147291969.0,420.83419714285714
the addams family,30000000.0,191502426.0,161502426.0,538.34142
thelma & louise,16500000.0,45456285.0,28956285.0,175.49263636363636
y tu mamá también,2000000.0,33616692.0,31616692.0,1580.8346000000001
robin hood: prince of thieves,48000000.0,390493908.0,342493908.0,713.5289750000001
the doors,38000000.0,34416893.0,-3583107.0,-9.42922894736842
beauty and the beast,25000000.0,424967620.0,399967620.0,1599.87048
fried green tomatoes,11000000.0,119418501.0,108418501.0,985.6227363636365
jfk,40000000.0,205405498.0,165405498.0,413.51374500000003
the rocketeer,35000000.0,46704056.0,11704056.0,33.44016
my girl,17000000.0,59489799.0,42489799.0,249.93999411764705
backdraft,40000000.0,152368585.0,112368585.0,280.9214625
bill & ted's bogus journey,20000000.0,38039850.0,18039850.0,90.19924999999999
city slickers,27000000.0,179033791.0,152033791.0,563.0881148148148
the fisher king,24000000.0,41895491.0,17895491.0,74.56454583333333
sleeping with the enemy,19000000.0,174999005.0,155999005.0,821.0473947368421
return to the blue lagoon,11000000.0,2807854.0,-8192146.0,-74.47405454545455
the last boy scout,43000000.0,59509925.0,16509925.0,38.39517441860465
star trek vi: the undiscovered country,30000000.0,96888996.0,66888996.0,222.96331999999998
my own private idaho,2500000.0,6401336.0,3901336.0,156.05344000000002
drop dead fred,6788000.0,13878411.0,7090411.0,104.45508249852682
hot shots!,26000000.0,181096164.0,155096164.0,596.5237076923077
hudson hawk,65000000.0,17218080.0,-47781920.0,-73.51064615384615
the prince of tides,30000000.0,74787599.0,44787599.0,149.29199666666665
barton fink,9000000.0,6153939.0,-2846061.0,-31.622899999999998
nothing but trouble,40000000.0,8479793.0,-31520207.0,-78.8005175
what about bob?,35000000.0,63707829.0,28707829.0,82.02236857142857
naked lunch,16000000.0,2641357.0,-13358643.0,-83.49151875000001
teenage mutant ninja turtles ii: the secret of the ooze,25000000.0,78656813.0,53656813.0,214.627252
the naked gun 2½: the smell of fear,23000000.0,86930411.0,63930411.0,277.9583086956522
double impact,15000000.0,30102717.0,15102717.0,100.68478
the commitments,12000000.0,14919570.0,2919570.0,24.32975
new jack city,8000000.0,47624353.0,39624353.0,495.3044125
toy soldiers,10000000.0,15073942.0,5073942.0,50.73942
the people under the stairs,6000000.0,31347154.0,25347154.0,422.45256666666666
regarding henry,25000000.0,43001500.0,18001500.0,72.006
bugsy,30000000.0,49114016.0,19114016.0,63.71338666666667
doc hollywood,20000000.0,54830779.0,34830779.0,174.153895
night on earth,3500000.0,2023808.0,-1476192.0,-42.17691428571428
child's play 3,13000000.0,20560255.0,7560255.0,58.15580769230769
freddy's dead: the final nightmare,11000000.0,34872033.0,23872033.0,217.0184818181818
oscar,35000000.0,23562716.0,-11437284.0,-32.677954285714286
the lovers on the bridge,28000000.0,29679.0,-27970321.0,-99.89400357142857
highlander ii: the quickening,30000000.0,15556340.0,-14443660.0,-48.14553333333333
stone cold,17000000.0,9151887.0,-7848113.0,-46.16537058823529
showdown in little tokyo,8000000.0,2275557.0,-5724443.0,-71.5555375
jungle fever,14000000.0,43882682.0,29882682.0,213.44772857142854
harley davidson and the marlboro man,23000000.0,7434726.0,-15565274.0,-67.67510434782609
flight of the intruder,35000000.0,14587732.0,-20412268.0,-58.32076571428571
problem child 2,15000000.0,32704700.0,17704700.0,118.03133333333334
the hard way,24000000.0,65595485.0,41595485.0,173.31452083333335
rush,17000000.0,7241350.0,-9758650.0,-57.40382352941177
dead again,15000000.0,38016380.0,23016380.0,153.44253333333333
out for justice,14000000.0,39673161.0,25673161.0,183.37972142857143
the indian runner,7000000.0,191125.0,-6808875.0,-97.26964285714286
life stinks,13000000.0,4102526.0,-8897474.0,-68.4421076923077
frankie and johnny,29000000.0,22773535.0,-6226465.0,-21.47056896551724
soapdish,25000000.0,36489888.0,11489888.0,45.959551999999995
curly sue,25000000.0,33691313.0,8691313.0,34.765252000000004
mannequin: on the move,13000000.0,3752428.0,-9247572.0,-71.13516923076924
rock-a-doodle,18000000.0,11657385.0,-6342615.0,-35.23675
necessary roughness,13500000.0,26255594.0,12755594.0,94.48588148148148
cool as ice,6000000.0,1193062.0,-4806938.0,-80.11563333333334
switch,14000000.0,15545943.0,1545943.0,11.042449999999999
white fang,14000000.0,34793160.0,20793160.0,148.52257142857144
until the end of the world,23000000.0,829625.0,-22170375.0,-96.39293478260869
dutch,17000000.0,4603929.0,-12396071.0,-72.91806470588236
shattered,22000000.0,11511031.0,-10488969.0,-47.67713181818182
mobsters,23000000.0,20246790.0,-2753210.0,-11.970478260869566
dying young,18000000.0,82264675.0,64264675.0,357.0259722222222
delirious,18000000.0,5546827.0,-12453173.0,-69.18429444444445
little man tate,10000000.0,25010896.0,15010896.0,150.10896
shadows and fog,14000000.0,2735731.0,-11264269.0,-80.45906428571429
shakes the clown,1400000.0,115103.0,-1284897.0,-91.77835714285715
billy bathgate,48000000.0,15565363.0,-32434637.0,-67.57216041666668
kafka,11000000.0,1059071.0,-9940929.0,-90.37208181818181
johnny suede,500000.0,90091.0,-409909.0,-81.9818
mystery date,10000000.0,6166819.0,-3833181.0,-38.33181
the marrying man,26000000.0,12454768.0,-13545232.0,-52.09704615384615
poison,250000.0,787280.0,537280.0,214.91199999999998
king ralph,23000000.0,52487045.0,29487045.0,128.20454347826086
house party 2,5000000.0,19438638.0,14438638.0,288.77276
the perfect weapon,10000000.0,14061361.0,4061361.0,40.61361
under suspicion,6000000.0,221295.0,-5778705.0,-96.31174999999999
the princess and the goblin,10000000.0,2105078.0,-7894922.0,-78.94922
rambling rose,7500000.0,6266621.0,-1233379.0,-16.445053333333334
pure luck,17010000.0,24941969.0,7931969.0,46.631211052322165
f/x2,16400000.0,21082165.0,4682165.0,28.549786585365855
mortal thoughts,8000000.0,18784957.0,10784957.0,134.8119625
another you,17000000.0,2865916.0,-14134084.0,-83.1416705882353
for the boys,40000000.0,23202444.0,-16797556.0,-41.99389
beastmaster 2: through the portal of time,6000000.0,869325.0,-5130675.0,-85.51125
eve of destruction,13000000.0,5451119.0,-7548881.0,-58.06831538461539
a rage in harlem,8000000.0,10438504.0,2438504.0,30.4813
the super,22000000.0,11000863.0,-10999137.0,-49.99607727272728
at play in the fields of the lord,36000000.0,1345903.0,-34654097.0,-96.26138055555555
true colors,20000000.0,418807.0,-19581193.0,-97.905965
a kiss before dying,15000000.0,15429177.0,429177.0,2.86118
bingo,10000000.0,8667684.0,-1332316.0,-13.323160000000001
body parts,10000000.0,9188150.0,-811850.0,-8.1185
one good cop,4000000.0,11276846.0,7276846.0,181.92115
once around,16000000.0,14851083.0,-1148917.0,-7.18073125
the taking of beverly hills,19000000.0,939277.0,-18060723.0,-95.05643684210526
run,16000000.0,4409328.0,-11590672.0,-72.4417
company business,18000000.0,1501785.0,-16498215.0,-91.65675
city of hope,3000000.0,1345015.0,-1654985.0,-55.16616666666667
liebestraum,6900000.0,133645.0,-6766355.0,-98.06311594202899
closet land,4000000.0,259012.0,-3740988.0,-93.52470000000001
late for dinner,14000000.0,8906823.0,-5093177.0,-36.37983571428571
reservoir dogs,1200000.0,2913644.0,1713644.0,142.80366666666666
basic instinct,49000000.0,352927224.0,303927224.0,620.2596408163265
candyman,6000000.0,25795897.0,19795897.0,329.9316166666667
my cousin vinny,11000000.0,64088552.0,53088552.0,482.6232
the last of the mohicans,40000000.0,75505856.0,35505856.0,88.76464
dracula,40000000.0,215862692.0,175862692.0,439.65673
unforgiven,14400000.0,159157447.0,144757447.0,1005.2600486111111
a few good men,41000000.0,243240178.0,202240178.0,493.2687268292683
a league of their own,40000000.0,132440069.0,92440069.0,231.1001725
the bodyguard,25000000.0,411006740.0,386006740.0,1544.0269600000001
scent of a woman,31000000.0,134095253.0,103095253.0,332.56533225806453
batman returns,80000000.0,266892996.0,186892996.0,233.616245
the mighty ducks,10000000.0,50752337.0,40752337.0,407.52337
aladdin,28000000.0,504050219.0,476050219.0,1700.1793535714285
sister act,31000000.0,231605150.0,200605150.0,647.1133870967742
alien 3,50000000.0,159814498.0,109814498.0,219.628996
death becomes her,55000000.0,149022650.0,94022650.0,170.95027272727273
far and away,60000000.0,137783840.0,77783840.0,129.63973333333334
under siege,35000000.0,156563139.0,121563139.0,347.32325428571426
deep cover,8000000.0,16639799.0,8639799.0,107.9974875
single white female,16000000.0,48017402.0,32017402.0,200.10876249999998
cool world,30000000.0,14110589.0,-15889411.0,-52.96470333333333
glengarry glen ross,12500000.0,10725228.0,-1774772.0,-14.198176000000002
wayne's world,20000000.0,183097323.0,163097323.0,815.486615
army of darkness,11000000.0,11502976.0,502976.0,4.572509090909091
a river runs through it,12000000.0,43440294.0,31440294.0,262.00245
twin peaks: fire walk with me,10000000.0,4184990.0,-5815010.0,-58.1501
universal soldier,23000000.0,36299898.0,13299898.0,57.82564347826087
buffy the vampire slayer,7000000.0,16624456.0,9624456.0,137.49222857142857
sleepwalkers,15000000.0,30524763.0,15524763.0,103.49842
chaplin,31000000.0,9493259.0,-21506741.0,-69.37658387096775
home alone 2: lost in new york,28000000.0,358994850.0,330994850.0,1182.1244642857143
the hand that rocks the cradle,11700000.0,88036683.0,76336683.0,652.450282051282
newsies,15000000.0,2819485.0,-12180515.0,-81.20343333333334
malcolm x,33000000.0,48169910.0,15169910.0,45.969424242424246
patriot games,45000000.0,178051587.0,133051587.0,295.6701933333334
dead alive,3000000.0,242623.0,-2757377.0,-91.91256666666666
poison ivy,3000000.0,1829804.0,-1170196.0,-39.00653333333333
sneakers,23000000.0,105232691.0,82232691.0,357.5334391304348
the lawnmower man,10000000.0,32100816.0,22100816.0,221.00816
the player,8000000.0,21706101.0,13706101.0,171.3262625
encino man,7000000.0,40693477.0,33693477.0,481.33538571428574
lethal weapon 3,35000000.0,321731527.0,286731527.0,819.2329342857142
american me,16000000.0,13086430.0,-2913570.0,-18.209812499999998
el mariachi,7000.0,2040920.0,2033920.0,29056.0
bitter moon,5000000.0,1862805.0,-3137195.0,-62.7439
pet sematary ii,8000000.0,17092453.0,9092453.0,113.6556625
bad lieutenant,1000000.0,2038916.0,1038916.0,103.8916
ferngully: the last rainforest,24000000.0,32710894.0,8710894.0,36.29539166666667
housesitter,26000000.0,94900635.0,68900635.0,265.0024423076923
school ties,18000000.0,14715067.0,-3284933.0,-18.24962777777778
hoffa,35000000.0,29302121.0,-5697879.0,-16.279654285714283
juice,5000000.0,20146880.0,15146880.0,302.93760000000003
3 ninjas,6500000.0,29000301.0,22500301.0,346.15847692307693
hellraiser iii: hell on earth,5000000.0,12534961.0,7534961.0,150.69922
body of evidence,30000000.0,13273595.0,-16726405.0,-55.75468333333333
"honey, i blew up the kid",40000000.0,58662452.0,18662452.0,46.656130000000005
captain ron,24000000.0,22518097.0,-1481903.0,-6.174595833333334
passenger 57,15000000.0,44065653.0,29065653.0,193.77102
children of the corn ii: the final sacrifice,900000.0,6980986.0,6080986.0,675.6651111111112
radio flyer,35000000.0,4651977.0,-30348023.0,-86.70863714285714
raising cain,12000000.0,37170057.0,25170057.0,209.75047500000002
orlando,4000000.0,5378172.0,1378172.0,34.454299999999996
gladiator,20000000.0,9223441.0,-10776559.0,-53.88279500000001
split second,7000000.0,5430822.0,-1569178.0,-22.41682857142857
tom and jerry: the movie,8000000.0,3560469.0,-4439531.0,-55.494137499999994
toys,43000000.0,23278931.0,-19721069.0,-45.8629511627907
1492: conquest of paradise,47000000.0,7191399.0,-39808601.0,-84.69915106382979
pure country,10000000.0,15164458.0,5164458.0,51.64458
boomerang,42000000.0,131052444.0,89052444.0,212.0296285714286
the power of one,18000000.0,2827107.0,-15172893.0,-84.29385
medicine man,40000000.0,45500797.0,5500797.0,13.751992499999998
honeymoon in vegas,25000000.0,35208854.0,10208854.0,40.835416
thunderheart,15000000.0,22660758.0,7660758.0,51.07172
stop! or my mom will shoot,45000000.0,70611210.0,25611210.0,56.9138
innocent blood,20000000.0,4943279.0,-15056721.0,-75.283605
lorenzo's oil,30000000.0,7286388.0,-22713612.0,-75.71204
final analysis,32000000.0,28590665.0,-3409335.0,-10.654171875
stay tuned,25000000.0,10736401.0,-14263599.0,-57.054396
consenting adults,18000000.0,21591728.0,3591728.0,19.954044444444445
fortress,8000000.0,6739141.0,-1260859.0,-15.7607375
once upon a crime...,18000000.0,8669847.0,-9330153.0,-51.83418333333333
mom and dad save the world,14000000.0,2034470.0,-11965530.0,-85.46807142857142
supercop,900000.0,16270600.0,15370600.0,1707.8444444444444
jennifer 8,20000000.0,11390479.0,-8609521.0,-43.047605
memoirs of an invisible man,40000000.0,14358033.0,-25641967.0,-64.1049175
peter's friends,5000000.0,4058564.0,-941436.0,-18.828719999999997
freejack,30000000.0,17129026.0,-12870974.0,-42.90324666666667
como agua para chocolate,2000000.0,21744201.0,19744201.0,987.21005
noises off...,12000000.0,2280148.0,-9719852.0,-80.99876666666667
class act,7500000.0,13272113.0,5772113.0,76.96150666666666
diggstown,17000000.0,4836637.0,-12163363.0,-71.54919411764706
kuffs,10000000.0,21142815.0,11142815.0,111.42814999999999
mo' money,10000000.0,40227006.0,30227006.0,302.27006
husbands and wives,20000000.0,10555619.0,-9444381.0,-47.221905
trespass,14000000.0,13249535.0,-750465.0,-5.3604642857142855
rapid fire,10000000.0,14356479.0,4356479.0,43.564789999999995
wind,29000000.0,5519569.0,-23480431.0,-80.96700344827586
hero,42000000.0,19507345.0,-22492655.0,-53.553940476190476
south central,4000000.0,1373196.0,-2626804.0,-65.67009999999999
the muppet christmas carol,12000000.0,32574382.0,20574382.0,171.45318333333333
mr. baseball,40000000.0,20883046.0,-19116954.0,-47.792384999999996
crisscross,14000000.0,3052738.0,-10947262.0,-78.19472857142857
waterland,10000000.0,1100218.0,-8899782.0,-88.99782
the distinguished gentleman,50000000.0,46666502.0,-3333498.0,-6.666996
white sands,22000000.0,9011574.0,-12988426.0,-59.0383
knight moves,9000000.0,923418.0,-8076582.0,-89.7398
light sleeper,5000000.0,1055987.0,-3944013.0,-78.88026
a midnight clear,5000000.0,1526697.0,-3473303.0,-69.46606
a stranger among us,18000000.0,12282994.0,-5717006.0,-31.761144444444444
where the day takes you,3000000.0,390152.0,-2609848.0,-86.99493333333334
passion fish,3330000.0,4814619.0,1484619.0,44.583153153153155
american heart,10000000.0,384048.0,-9615952.0,-96.15952
christopher columbus: the discovery,40000000.0,8251071.0,-31748929.0,-79.37232250000001
the public eye,15000000.0,3067917.0,-11932083.0,-79.54722
article 99,18000000.0,6375979.0,-11624021.0,-64.57789444444444
the mambo kings,15500000.0,6742168.0,-8757832.0,-56.50214193548388
city of joy,27000000.0,14683921.0,-12316079.0,-45.61510740740741
love field,18000000.0,1014726.0,-16985274.0,-94.36263333333333
mr. saturday night,43000000.0,13351357.0,-29648643.0,-68.95033255813954
twin dragons,10000000.0,8359717.0,-1640283.0,-16.402829999999998
the living end,22769.0,692585.0,669816.0,2941.7892748912996
simple men,3000000.0,143010.0,-2856990.0,-95.233
guncrazy,800000.0,114516.0,-685484.0,-85.6855
folks!,15000000.0,6132924.0,-8867076.0,-59.113839999999996
night and the city,20000000.0,6202756.0,-13797244.0,-68.98622
whispers in the dark,18000000.0,11124511.0,-6875489.0,-38.197161111111114
man trouble,30000000.0,4096030.0,-25903970.0,-86.34656666666667
ruby cairo,24000000.0,608866.0,-23391134.0,-97.46305833333334
the waterdance,2700000.0,1723319.0,-976681.0,-36.17337037037037
the gun in betty lou's handbag,13000000.0,3721911.0,-9278089.0,-71.3699153846154
tombstone,25000000.0,56505065.0,31505065.0,126.02026
jurassic park,63000000.0,1033928303.0,970928303.0,1541.1560365079365
dazed and confused,6900000.0,7993039.0,1093039.0,15.841144927536233
schindler's list,22000000.0,322161245.0,300161245.0,1364.3692954545454
true romance,13000000.0,13088850.0,88850.0,0.6834615384615385
robin hood: men in tights,20000000.0,35739755.0,15739755.0,78.698775
a bronx tale,22000000.0,17287898.0,-4712102.0,-21.418645454545455
what's eating gilbert grape,11000000.0,10032765.0,-967235.0,-8.793045454545455
hocus pocus,28000000.0,44947705.0,16947705.0,60.527517857142854
carlito's way,30000000.0,63848322.0,33848322.0,112.82774
mrs. doubtfire,25000000.0,441286195.0,416286195.0,1665.14478
the fugitive,44000000.0,368875760.0,324875760.0,738.354
demolition man,57000000.0,58055768.0,1055768.0,1.8522245614035087
falling down,25000000.0,40903593.0,15903593.0,63.614371999999996
the pelican brief,45000000.0,195268056.0,150268056.0,333.92901333333333
the firm,42000000.0,270248367.0,228248367.0,543.4484928571429
last action hero,85000000.0,137298489.0,52298489.0,61.527634117647054
sister act 2: back in the habit,38000000.0,57319029.0,19319029.0,50.83955
groundhog day,14600000.0,71074049.0,56474049.0,386.80855479452055
philadelphia,26000000.0,206678440.0,180678440.0,694.9170769230769
super mario bros.,48000000.0,20915465.0,-27084535.0,-56.42611458333333
sleepless in seattle,21000000.0,227927165.0,206927165.0,985.3674523809524
cliffhanger,70000000.0,255000211.0,185000211.0,264.2860157142857
the piano,7000000.0,40185556.0,33185556.0,474.0793714285714
the nightmare before christmas,18000000.0,91491247.0,73491247.0,408.2847055555556
rookie of the year,10000000.0,56500758.0,46500758.0,465.00757999999996
"blood in, blood out",35000000.0,4496583.0,-30503417.0,-87.15262
in the name of the father,13000000.0,65796862.0,52796862.0,406.12970769230765
alive,32000000.0,36733909.0,4733909.0,14.793465625
addams family values,47000000.0,48919043.0,1919043.0,4.083070212765957
indecent proposal,38000000.0,266614059.0,228614059.0,601.6159447368422
in the line of fire,40000000.0,176997168.0,136997168.0,342.49291999999997
the age of innocence,34000000.0,32255440.0,-1744560.0,-5.131058823529411
menace ii society,3500000.0,27912072.0,24412072.0,697.4877714285715
gettysburg,25000000.0,10769960.0,-14230040.0,-56.920159999999996
the three musketeers,30000000.0,53898845.0,23898845.0,79.66281666666667
the secret garden,18000000.0,31181347.0,13181347.0,73.22970555555555
free willy,20000000.0,153698625.0,133698625.0,668.493125
robocop 3,22000000.0,10696210.0,-11303790.0,-51.380863636363635
the remains of the day,15000000.0,23237911.0,8237911.0,54.91940666666667
hard target,18000000.0,74189677.0,56189677.0,312.1648722222222
fire in the sky,15000000.0,19885552.0,4885552.0,32.570346666666666
cool runnings,14000000.0,154856263.0,140856263.0,1006.1161642857141
dave,28000000.0,63270710.0,35270710.0,125.96682142857144
kalifornia,9000000.0,2395231.0,-6604769.0,-73.38632222222222
sliver,40000000.0,116300000.0,76300000.0,190.75
coneheads,33000000.0,21274717.0,-11725283.0,-35.53116060606061
so i married an axe murderer,20000000.0,11585483.0,-8414517.0,-42.072585000000004
hot shots! part deux,25000000.0,133752825.0,108752825.0,435.0113
much ado about nothing,11000000.0,22549338.0,11549338.0,104.99398181818182
the crush,6000000.0,13609396.0,7609396.0,126.82326666666665
loaded weapon 1,13000000.0,27979399.0,14979399.0,115.22614615384614
a perfect world,30000000.0,135130999.0,105130999.0,350.43666333333334
leprechaun,900000.0,8556940.0,7656940.0,850.7711111111112
malice,20000000.0,46405336.0,26405336.0,132.02668
what's love got to do with it,15000000.0,39100956.0,24100956.0,160.67304000000001
striking distance,30000000.0,24107867.0,-5892133.0,-19.640443333333334
return of the living dead iii,2000000.0,54207.0,-1945793.0,-97.28965000000001
searching for bobby fischer,12000000.0,7266383.0,-4733617.0,-39.44680833333333
jason goes to hell: the final friday,3000000.0,15935068.0,12935068.0,431.16893333333337
matinee,13000000.0,9532895.0,-3467105.0,-26.67003846153846
the good son,17000000.0,60613008.0,43613008.0,256.5471058823529
the beverly hillbillies,25000000.0,57405220.0,32405220.0,129.62088
beethoven's 2nd,15000000.0,118243066.0,103243066.0,688.2871066666667
killing zoe,1500000.0,418961.0,-1081039.0,-72.06926666666666
cronos,2000000.0,621392.0,-1378608.0,-68.9304
geronimo: an american legend,35000000.0,18635620.0,-16364380.0,-46.75537142857143
wayne's world 2,40000000.0,48198019.0,8198019.0,20.4950475
romeo is bleeding,11500000.0,3275585.0,-8224415.0,-71.51665217391304
rising sun,35000000.0,107198790.0,72198790.0,206.28225714285713
for love or money,30000000.0,11146270.0,-18853730.0,-62.84576666666667
teenage mutant ninja turtles iii,21000000.0,42273609.0,21273609.0,101.3029
body snatchers,13000000.0,428868.0,-12571132.0,-96.70101538461539
airborne,2600000.0,2850263.0,250263.0,9.625499999999999
the thing called love,14000000.0,1029721.0,-12970279.0,-92.64485
the house of the spirits,40000000.0,6265311.0,-33734689.0,-84.33672250000001
little buddha,35000000.0,4858139.0,-30141861.0,-86.11960285714285
dragon,14000000.0,63513743.0,49513743.0,353.66959285714285
poetic justice,14000000.0,27515786.0,13515786.0,96.54132857142858
the joy luck club,11000000.0,32901136.0,21901136.0,199.10123636363636
untamed heart,7500000.0,18898806.0,11398806.0,151.98408
batman: mask of the phantasm,6000000.0,5635204.0,-364796.0,-6.079933333333333
freaked,11000000.0,29296.0,-10970704.0,-99.73367272727273
heart and souls,25000000.0,16589540.0,-8410460.0,-33.64184
ruby in paradise,800000.0,1001437.0,201437.0,25.179625
six degrees of separation,12000000.0,6405918.0,-5594082.0,-46.61735
farewell my concubine,4000000.0,6122607.0,2122607.0,53.065174999999996
judgment night,21000000.0,12526677.0,-8473323.0,-40.349157142857145
shadowlands,22000000.0,25842377.0,3842377.0,17.465349999999997
arizona dream,19000000.0,112547.0,-18887453.0,-99.40764736842105
nowhere to run,15000000.0,22189039.0,7189039.0,47.92692666666667
king of the hill,8000000.0,1214231.0,-6785769.0,-84.8221125
mad dog and glory,19000000.0,11081586.0,-7918414.0,-41.67586315789474
red rock west,8000000.0,2502551.0,-5497449.0,-68.71811249999999
the program,15000000.0,23032565.0,8032565.0,53.55043333333334
ghost in the machine,12000000.0,5086909.0,-6913091.0,-57.609091666666664
manhattan murder mystery,13500000.0,11330911.0,-2169089.0,-16.06732592592593
weekend at bernie's ii,7000000.0,12741891.0,5741891.0,82.02701428571429
the adventures of huck finn,6500000.0,24103594.0,17603594.0,270.8245230769231
made in america,22000000.0,104942695.0,82942695.0,377.01225
the dark half,15000000.0,10611160.0,-4388840.0,-29.25893333333333
only the strong,6000000.0,3283371.0,-2716629.0,-45.27715
my life,15000000.0,27804899.0,12804899.0,85.36599333333334
look who's talking now,22000000.0,10340263.0,-11659737.0,-52.99880454545455
the meteor man,20000000.0,8016708.0,-11983292.0,-59.91646000000001
cb4,6000000.0,17953778.0,11953778.0,199.2296333333333
calendar girl,13000000.0,2570550.0,-10429450.0,-80.22653846153847
heaven & earth,33000000.0,5864949.0,-27135051.0,-82.22742727272727
indian summer,9000000.0,14904910.0,5904910.0,65.61011111111111
once upon a forest,13000000.0,6582052.0,-6417948.0,-49.36883076923077
posse,10000000.0,18289763.0,8289763.0,82.89763
even cowgirls get the blues,8000000.0,1708873.0,-6291127.0,-78.6390875
best of the best ii,7000000.0,6608687.0,-391313.0,-5.590185714285714
the thief and the cobbler,25000000.0,669276.0,-24330724.0,-97.322896
my boyfriend's back,12000000.0,3335984.0,-8664016.0,-72.20013333333334
warlock: the armageddon,3000000.0,3902679.0,902679.0,30.0893
iron monkey,11000000.0,14694904.0,3694904.0,33.590036363636365
mr. nanny,10000000.0,4348572.0,-5651428.0,-56.51427999999999
"faraway, so close!",10500000.0,810455.0,-9689545.0,-92.28138095238096
dangerous game,10000000.0,1261210.0,-8738790.0,-87.3879
deadfall,10000000.0,18369.0,-9981631.0,-99.81631
a home of our own,12000000.0,1677807.0,-10322193.0,-86.018275
guilty as sin,12000000.0,22866222.0,10866222.0,90.55185
the wedding banquet,1000000.0,6933459.0,5933459.0,593.3459
aspen extreme,14000000.0,8041049.0,-5958951.0,-42.56393571428572
blink,11000000.0,16696219.0,5696219.0,51.783809090909095
sugar hill,10000000.0,18225518.0,8225518.0,82.25518000000001
man's best friend,6000000.0,12974636.0,6974636.0,116.24393333333333
mr. jones,25000000.0,8345845.0,-16654155.0,-66.61662
carnosaur,850000.0,1753979.0,903979.0,106.3504705882353
mr. wonderful,13000000.0,3125424.0,-9874576.0,-75.95827692307692
cop & ½,14000000.0,40689691.0,26689691.0,190.64065
madadayo,11900000.0,596.0,-11899404.0,-99.99499159663866
money for nothing,11000000.0,1039824.0,-9960176.0,-90.54705454545454
son of the pink panther,25000000.0,2438031.0,-22561969.0,-90.247876
"bodies, rest & motion",2500000.0,764724.0,-1735276.0,-69.41104
mother's boys,8000000.0,737548.0,-7262452.0,-90.78065
the nutcracker,19000000.0,2119994.0,-16880006.0,-88.84213684210526
philadelphia experiment ii,5000000.0,2970.0,-4997030.0,-99.9406
fear of a black hat,999999.0,233824.0,-766175.0,-76.61757661757662
boiling point,9000000.0,10058318.0,1058318.0,11.759088888888888
josh and s.a.m.,18000000.0,1640220.0,-16359780.0,-90.88766666666666
the night we never met,8000000.0,1884814.0,-6115186.0,-76.439825
the shawshank redemption,25000000.0,28817291.0,3817291.0,15.269163999999998
pulp fiction,8000000.0,213928762.0,205928762.0,2574.109525
forrest gump,55000000.0,678226133.0,623226133.0,1133.1384236363635
true lies,115000000.0,378882411.0,263882411.0,229.46296608695653
the lion king,45000000.0,1083720877.0,1038720877.0,2308.2686155555557
the mask,23000000.0,351583407.0,328583407.0,1428.6235086956522
speed,30000000.0,350448145.0,320448145.0,1068.1604833333333
stargate,55000000.0,196567262.0,141567262.0,257.3950218181818
the little rascals,23000000.0,67308282.0,44308282.0,192.6447043478261
dumb and dumber,17000000.0,247275374.0,230275374.0,1354.5610235294118
legends of the fall,30000000.0,160638883.0,130638883.0,435.4629433333334
natural born killers,34000000.0,50283563.0,16283563.0,47.89283235294118
the crow,23000000.0,50693129.0,27693129.0,120.40490869565217
interview with the vampire: the vampire chronicles,60000000.0,223664608.0,163664608.0,272.77434666666664
four weddings and a funeral,4400000.0,245700832.0,241300832.0,5484.109818181818
the flintstones,46000000.0,341631208.0,295631208.0,642.6765391304348
ace ventura: pet detective,15000000.0,107217396.0,92217396.0,614.7826399999999
little women,18000000.0,50083616.0,32083616.0,178.24231111111112
street fighter,35000000.0,99431786.0,64431786.0,184.09081714285713
clear and present danger,62000000.0,215887717.0,153887717.0,248.2059951612903
heavenly creatures,5000000.0,3049135.0,-1950865.0,-39.0173
clerks,27000.0,3151130.0,3124130.0,11570.851851851852
maverick,75000000.0,183031272.0,108031272.0,144.041696
wyatt earp,63000000.0,25052000.0,-37948000.0,-60.23492063492063
the last seduction,2500000.0,5842603.0,3342603.0,133.70412000000002
little giants,20000000.0,19306362.0,-693638.0,-3.4681900000000003
ed wood,18000000.0,5887457.0,-12112543.0,-67.29190555555556
star trek: generations,35000000.0,118071125.0,83071125.0,237.34607142857143
disclosure,55000000.0,214015089.0,159015089.0,289.1183436363636
angels in the outfield,24000000.0,50236831.0,26236831.0,109.32012916666667
in the mouth of madness,8000000.0,8924549.0,924549.0,11.5568625
richie rich,40000000.0,38087756.0,-1912244.0,-4.780609999999999
beverly hills cop iii,50000000.0,119208989.0,69208989.0,138.417978
reality bites,11500000.0,33351557.0,21851557.0,190.01353913043476
naked gun 33 1/3: the final insult,30000000.0,51132598.0,21132598.0,70.44199333333333
junior,60000000.0,108431355.0,48431355.0,80.718925
new nightmare,8000000.0,19721741.0,11721741.0,146.5217625
baby's day out,48000000.0,16827402.0,-31172598.0,-64.9429125
the river wild,45000000.0,94216343.0,49216343.0,109.36965111111112
texas chainsaw massacre: the next generation,600000.0,185898.0,-414102.0,-69.017
the next karate kid,12000000.0,15876353.0,3876353.0,32.30294166666667
blown away,28000000.0,30156002.0,2156002.0,7.700007142857143
color of night,40000000.0,19726050.0,-20273950.0,-50.684875
north,40000000.0,7182747.0,-32817253.0,-82.0431325
muriel's wedding,9000000.0,15482277.0,6482277.0,72.0253
the client,45000000.0,117615211.0,72615211.0,161.36713555555556
it could happen to you,20000000.0,37939757.0,17939757.0,89.698785
wolf,70000000.0,131002597.0,61002597.0,87.14656714285715
mary shelley's frankenstein,45000000.0,112006296.0,67006296.0,148.90288
exit to eden,25000000.0,6841570.0,-18158430.0,-72.63372
the jungle book,27000000.0,43229904.0,16229904.0,60.11075555555555
the hudsucker proxy,40000000.0,2816518.0,-37183482.0,-92.958705
timecop,27000000.0,101646581.0,74646581.0,276.4688185185185
the santa clause,22000000.0,190539357.0,168539357.0,766.0879863636363
the specialist,45000000.0,170362582.0,125362582.0,278.58351555555555
the pagemaster,27000000.0,13670688.0,-13329312.0,-49.36782222222222
shallow grave,2500000.0,2079569.0,-420431.0,-16.817239999999998
serial mom,13000000.0,7820688.0,-5179312.0,-39.84086153846154
bad girls,25000000.0,15240435.0,-9759565.0,-39.03826
the shadow,25000000.0,48063435.0,23063435.0,92.25374
blue sky,16000000.0,3359465.0,-12640535.0,-79.00334375
quiz show,31000000.0,24822619.0,-6177381.0,-19.927035483870966
surviving the game,7400000.0,7727256.0,327256.0,4.4223783783783785
nell,24500000.0,106683817.0,82183817.0,335.4441510204082
major league ii,25000000.0,30626182.0,5626182.0,22.504728
don juan demarco,25000000.0,68792531.0,43792531.0,175.17012400000002
clifford,19000000.0,7408745.0,-11591255.0,-61.0066052631579
thumbelina,28000000.0,11373501.0,-16626499.0,-59.38035357142857
double dragon,7850000.0,2341309.0,-5508691.0,-70.1744076433121
death and the maiden,12000000.0,3103716.0,-8896284.0,-74.1357
pcu,8000000.0,4330020.0,-3669980.0,-45.87475
the postman,3000000.0,21898920.0,18898920.0,629.964
8 seconds,7000000.0,19623396.0,12623396.0,180.33422857142858
the madness of king george,65897768.0,15238689.0,-50659079.0,-76.87525774772827
nobody's fool,20000000.0,39491975.0,19491975.0,97.459875
the secret of roan inish,3000000.0,6159269.0,3159269.0,105.30896666666666
above the rim,3500000.0,16192320.0,12692320.0,362.63771428571425
police academy: mission to moscow,6200000.0,126247.0,-6073753.0,-97.96375806451613
on deadly ground,50000000.0,38590458.0,-11409542.0,-22.819084
ready to wear,18000000.0,11300653.0,-6699347.0,-37.21859444444445
bullets over broadway,20000000.0,13383747.0,-6616253.0,-33.081265
crooklyn,14000000.0,13642861.0,-357139.0,-2.550992857142857
spanking the monkey,200000.0,1359736.0,1159736.0,579.868
the legend of drunken master,10000000.0,11555430.0,1555430.0,15.554299999999998
intersection,45000000.0,21355893.0,-23644107.0,-52.542460000000005
the swan princess,45000000.0,9771658.0,-35228342.0,-78.28520444444445
renaissance man,40000000.0,24332324.0,-15667676.0,-39.16919
jason's lyric,7000000.0,20851521.0,13851521.0,197.87887142857144
the cowboy way,35000000.0,20280016.0,-14719984.0,-42.05709714285714
no escape,20000000.0,15339030.0,-4660970.0,-23.30485
the road to wellville,25000000.0,6562513.0,-18437487.0,-73.749948
highlander: the final dimension,26000000.0,12303080.0,-13696920.0,-52.68046153846154
cemetery man,4000000.0,253986.0,-3746014.0,-93.65035
cabin boy,9000000.0,3662459.0,-5337541.0,-59.30601111111111
guarding tess,20000000.0,27058304.0,7058304.0,35.29152
drop zone,45000000.0,28735315.0,-16264685.0,-36.143744444444444
death wish: the face of death,5000000.0,1702394.0,-3297606.0,-65.95212000000001
city slickers ii: the legend of curly's gold,40000000.0,43622150.0,3622150.0,9.055375
the ref,11000000.0,11439193.0,439193.0,3.9926636363636367
i.q.,25000000.0,26381221.0,1381221.0,5.524884
3 ninjas kick back,20000000.0,11798854.0,-8201146.0,-41.00573
the favor,13000000.0,3134381.0,-9865619.0,-75.88937692307692
the paper,6000000.0,48424341.0,42424341.0,707.0723499999999
terminal velocity,50000000.0,16487349.0,-33512651.0,-67.025302
china moon,15000000.0,3038499.0,-11961501.0,-79.74333999999999
little odessa,2300000.0,1095885.0,-1204115.0,-52.35282608695652
fresh,3500000.0,8094616.0,4594616.0,131.27474285714285
leprechaun 2,2000000.0,2260622.0,260622.0,13.0311
love affair,60000000.0,18272894.0,-41727106.0,-69.54517666666666
mixed nuts,15000000.0,6821850.0,-8178150.0,-54.521
silent fall,30000000.0,3180674.0,-26819326.0,-89.39775333333333
the air up there,17080000.0,21011318.0,3931318.0,23.01708430913349
a low down dirty shame,10000000.0,29392418.0,19392418.0,193.92418
swimming with sharks,700000.0,382928.0,-317072.0,-45.296
i love trouble,45000000.0,30806194.0,-14193806.0,-31.541791111111113
blankman,30000000.0,7941977.0,-22058023.0,-73.52674333333333
mrs. parker and the vicious circle,7000000.0,2144667.0,-4855333.0,-69.36189999999999
barcelona,3200000.0,7266973.0,4066973.0,127.09290625
pred dozhdot,1900000.0,763847.0,-1136153.0,-59.797526315789476
burnt by the sun,2800000.0,2313461.0,-486539.0,-17.376392857142857
there goes my baby,10500000.0,123509.0,-10376491.0,-98.82372380952381
radioland murders,15000000.0,1316865.0,-13683135.0,-91.2209
being human,40000000.0,1519366.0,-38480634.0,-96.201585
jimmy hollywood,30000000.0,3783003.0,-26216997.0,-87.38999
squanto: a warrior's tale,19200000.0,3342223.0,-15857777.0,-82.59258854166667
my summer story,15000000.0,70936.0,-14929064.0,-99.52709333333334
getting even with dad,30000000.0,18869594.0,-11130406.0,-37.10135333333333
rapa nui,20000000.0,305070.0,-19694930.0,-98.47465
heat,60000000.0,187436818.0,127436818.0,212.39469666666668
clueless,12000000.0,56631572.0,44631572.0,371.9297666666667
se7en,33000000.0,327333559.0,294333559.0,891.9198757575758
braveheart,72000000.0,213216216.0,141216216.0,196.13363333333334
apollo 13,52000000.0,355237933.0,303237933.0,583.1498711538462
the usual suspects,6000000.0,23341568.0,17341568.0,289.0261333333333
jumanji,65000000.0,262821940.0,197821940.0,304.34144615384616
casino,52000000.0,116112375.0,64112375.0,123.29302884615385
congo,50000000.0,152022101.0,102022101.0,204.04420199999998
batman forever,100000000.0,336567158.0,236567158.0,236.56715799999998
kids,1500000.0,7412216.0,5912216.0,394.14773333333335
toy story,30000000.0,394436586.0,364436586.0,1214.78862
desperado,7000000.0,25405445.0,18405445.0,262.93492857142854
die hard with a vengeance,90000000.0,366101666.0,276101666.0,306.77962888888885
mortal kombat,18000000.0,122195920.0,104195920.0,578.8662222222223
mallrats,8000000.0,2122561.0,-5877439.0,-73.46798749999999
12 monkeys,29000001.0,168839459.0,139839458.0,482.20501095844793
leaving las vegas,3600000.0,32029928.0,28429928.0,789.7202222222222
showgirls,45000000.0,20358624.0,-24641376.0,-54.75861333333333
before sunrise,2500000.0,5987386.0,3487386.0,139.49544
friday,3500000.0,28215918.0,24715918.0,706.1690857142856
sense and sensibility,16000000.0,134582776.0,118582776.0,741.14235
waterworld,175000000.0,264218220.0,89218220.0,50.98184
the basketball diaries,2000000.0,2402438.0,402438.0,20.1219
bad boys,19000000.0,141407024.0,122407024.0,644.2474947368421
billy madison,10000000.0,26488734.0,16488734.0,164.88734
mighty morphin power rangers: the movie,20000000.0,66433194.0,46433194.0,232.16597000000002
goldeneye,60000000.0,352194034.0,292194034.0,486.9900566666667
species,35000000.0,113374103.0,78374103.0,223.92600857142858
outbreak,50000000.0,189859560.0,139859560.0,279.71912
four rooms,4000000.0,4257354.0,257354.0,6.4338500000000005
the quick and the dead,32000000.0,18636537.0,-13363463.0,-41.760821875
hackers,20000000.0,7563728.0,-12436272.0,-62.18136
casper,50000000.0,287928194.0,237928194.0,475.856388
tank girl,25000000.0,4064495.0,-20935505.0,-83.74202
pocahontas,55000000.0,346079773.0,291079773.0,529.2359509090909
a goofy movie,18000000.0,35348597.0,17348597.0,96.38109444444444
dangerous minds,23000000.0,179519401.0,156519401.0,680.5191347826087
crimson tide,53000000.0,157387195.0,104387195.0,196.95697169811322
to die for,20000000.0,21284514.0,1284514.0,6.4225699999999994
sabrina,58000000.0,53672080.0,-4327920.0,-7.461931034482759
while you were sleeping,17000000.0,182057016.0,165057016.0,970.9236235294118
get shorty,30250000.0,115101622.0,84851622.0,280.5012297520661
babe,30000000.0,254134910.0,224134910.0,747.1163666666666
dead man walking,11000000.0,39363635.0,28363635.0,257.8512272727273
the brady bunch movie,12000000.0,46576136.0,34576136.0,288.13446666666664
johnny mnemonic,26000000.0,19075720.0,-6924280.0,-26.631846153846155
the bridges of madison county,24000000.0,182016617.0,158016617.0,658.4025708333332
strange days,42000000.0,7959291.0,-34040709.0,-81.04930714285715
cutthroat island,98000000.0,10017322.0,-87982678.0,-89.77824285714286
judge dredd,90000000.0,113493481.0,23493481.0,26.10386777777778
the city of lost children,18000000.0,1781465.0,-16218535.0,-90.10297222222222
copycat,20000000.0,32051917.0,12051917.0,60.259585
powder,9500000.0,30862156.0,21362156.0,224.86480000000003
a little princess,17000000.0,10015449.0,-6984551.0,-41.085594117647055
the american president,62000000.0,107879496.0,45879496.0,73.9991870967742
under siege 2: dark territory,60000000.0,104324083.0,44324083.0,73.87347166666667
mr. holland's opus,23000000.0,106269971.0,83269971.0,362.04335217391304
the prophecy,8000000.0,16115878.0,8115878.0,101.448475
dead man,9000000.0,1037847.0,-7962153.0,-88.46836666666667
ace ventura: when nature calls,30000000.0,212385533.0,182385533.0,607.9517766666667
first knight,55000000.0,127600435.0,72600435.0,132.0007909090909
jade,50000000.0,9851610.0,-40148390.0,-80.29678
the big green,12000000.0,17736619.0,5736619.0,47.80515833333333
virtuosity,30000000.0,24047675.0,-5952325.0,-19.841083333333334
halloween: the curse of michael myers,5000000.0,15116634.0,10116634.0,202.33268
father of the bride part ii,30000000.0,76594107.0,46594107.0,155.31368999999998
assassins,50000000.0,30303072.0,-19696928.0,-39.393856
a walk in the clouds,20000000.0,50008143.0,30008143.0,150.040715
rob roy,28000000.0,31596911.0,3596911.0,12.846110714285713
dead presidents,10000000.0,24147179.0,14147179.0,141.47179
the baby-sitters club,6500000.0,9685976.0,3185976.0,49.01501538461538
waiting to exhale,16000000.0,81452156.0,65452156.0,409.075975
welcome to the dollhouse,800000.0,4569019.0,3769019.0,471.12737500000003
the indian in the cupboard,45000000.0,35656131.0,-9343869.0,-20.764153333333333
rumble in the bronx,7500000.0,32392047.0,24892047.0,331.89396
devil in a blue dress,27000000.0,16140822.0,-10859178.0,-40.21917777777777
how to make an american quilt,10000000.0,41200020.0,31200020.0,312.0002
tales from the crypt: demon knight,13000000.0,21089146.0,8089146.0,62.224199999999996
the net,22000000.0,110627965.0,88627965.0,402.8543863636363
living in oblivion,500000.0,1111790.0,611790.0,122.35799999999999
dracula: dead and loving it,30000000.0,10772144.0,-19227856.0,-64.09285333333334
village of the damned,22000000.0,9418365.0,-12581635.0,-57.18925
wild bill,30000000.0,2193982.0,-27806018.0,-92.68672666666666
grumpier old men,25000000.0,71518503.0,46518503.0,186.074012
boys on the side,21000000.0,23440188.0,2440188.0,11.619942857142856
tales from the hood,6000000.0,11837928.0,5837928.0,97.2988
money train,68000000.0,35431113.0,-32568887.0,-47.89542205882353
candyman: farewell to the flesh,6000000.0,13940383.0,7940383.0,132.33971666666667
the crossing guard,9000000.0,868979.0,-8131021.0,-90.34467777777778
nixon,44000000.0,13681765.0,-30318235.0,-68.90507954545456
hideaway,15000000.0,12201255.0,-2798745.0,-18.6583
underground,14000000.0,171082.0,-13828918.0,-98.7779857142857
mighty aphrodite,15000000.0,6468498.0,-8531502.0,-56.87668
total eclipse,8000000.0,340139.0,-7659861.0,-95.74826250000001
fair game,50000000.0,11534477.0,-38465523.0,-76.93104600000001
lord of illusions,12000000.0,13294422.0,1294422.0,10.786850000000001
the scarlet letter,46000000.0,10382407.0,-35617593.0,-77.42955
nick of time,33000000.0,8175346.0,-24824654.0,-75.22622424242425
things to do in denver when you're dead,7000000.0,529766.0,-6470234.0,-92.43191428571429
safe,1000000.0,512245.0,-487755.0,-48.7755
sudden death,35000000.0,64350171.0,29350171.0,83.85763142857144
canadian bacon,11000000.0,163971.0,-10836029.0,-98.50935454545454
screamers,20000000.0,5711695.0,-14288305.0,-71.441525
vampire in brooklyn,20000000.0,19751736.0,-248264.0,-1.24132
a kid in king arthur's court,15000000.0,13406717.0,-1593283.0,-10.621886666666667
othello,11000000.0,2844379.0,-8155621.0,-74.14200909090908
clockers,25000000.0,13071518.0,-11928482.0,-47.713928
smoke,7000000.0,8367636.0,1367636.0,19.537657142857142
tall tale,32000000.0,11047627.0,-20952373.0,-65.47616562500001
kiss of death,40000000.0,14942422.0,-25057578.0,-62.643945
home for the holidays,20000000.0,17519169.0,-2480831.0,-12.404155
angels and insects,4997987.0,3414301.0,-1583686.0,-31.68647697563039
the hunted,20000000.0,6609661.0,-13390339.0,-66.951695
restoration,19000000.0,4005941.0,-14994059.0,-78.9161
my family,5500000.0,11079373.0,5579373.0,101.44314545454544
the brothers mcmullen,238000.0,10426506.0,10188506.0,4280.88487394958
the englishman who went up a hill but came down a mountain,40997769.0,10904930.0,-30092839.0,-73.4011623900803
blue in the face,2000000.0,1268636.0,-731364.0,-36.5682
party girl,150000.0,472370.0,322370.0,214.91333333333333
losing isaiah,17000000.0,7603766.0,-9396234.0,-55.27196470588235
the underneath,6500000.0,536023.0,-5963977.0,-91.75349230769231
the pebble and the penguin,28000000.0,3983912.0,-24016088.0,-85.77174285714285
fluke,15000000.0,3987768.0,-11012232.0,-73.41488000000001
houseguest,10500000.0,26325256.0,15825256.0,150.7167238095238
bad company,15000000.0,3674841.0,-11325159.0,-75.50106
the white balloon,150000.0,924940.0,774940.0,516.6266666666667
white man's burden,7000000.0,3734870.0,-3265130.0,-46.64471428571429
never talk to strangers,6400000.0,6858261.0,458261.0,7.1603281249999995
top dog,6000000.0,5093707.0,-906293.0,-15.104883333333333
the incredibly true adventure of two girls in love,250000.0,2210408.0,1960408.0,784.1632
an awfully big adventure,4000000.0,259724.0,-3740276.0,-93.5069
dr. jekyll and ms. hyde,8000000.0,2763020.0,-5236980.0,-65.46225
jefferson in paris,14000000.0,2473668.0,-11526332.0,-82.33094285714286
three wishes,10000000.0,7027517.0,-2972483.0,-29.72483
new jersey drive,5000000.0,3565508.0,-1434492.0,-28.68984
beyond rangoon,23000000.0,5750110.0,-17249890.0,-74.99952173913044
the walking dead,15000000.0,6014341.0,-8985659.0,-59.90439333333333
space jam,80000000.0,230418342.0,150418342.0,188.0229275
independence day,75000000.0,817400891.0,742400891.0,989.8678546666666
romeo + juliet,14500000.0,147554998.0,133054998.0,917.620675862069
scream,14000000.0,173046663.0,159046663.0,1136.047592857143
sleepers,44000000.0,165615285.0,121615285.0,276.398375
from dusk till dawn,19000000.0,25837111.0,6837111.0,35.984794736842105
fargo,7000000.0,60611975.0,53611975.0,765.8853571428572
mission: impossible,80000000.0,457696391.0,377696391.0,472.12048875
matilda,36000000.0,33459416.0,-2540584.0,-7.0571777777777775
twister,92000000.0,494471524.0,402471524.0,437.4690478260869
happy gilmore,12000000.0,41205099.0,29205099.0,243.375825
101 dalmatians,75000000.0,320689294.0,245689294.0,327.5857253333333
crash,9000000.0,2671291.0,-6328709.0,-70.3189888888889
jerry maguire,50000000.0,273552592.0,223552592.0,447.105184
the rock,75000000.0,335062621.0,260062621.0,346.7501613333333
a time to kill,40000000.0,152266007.0,112266007.0,280.66501750000003
the craft,15000000.0,24819936.0,9819936.0,65.46624
primal fear,30000000.0,102616183.0,72616183.0,242.05394333333334
mars attacks!,70000000.0,101371017.0,31371017.0,44.81573857142857
the english patient,27000000.0,231976425.0,204976425.0,759.1719444444444
the long kiss goodnight,65000000.0,89456761.0,24456761.0,37.62578615384615
bottle rocket,7000000.0,560069.0,-6439931.0,-91.99901428571428
stealing beauty,10000000.0,4762310.0,-5237690.0,-52.376900000000006
bound,4500000.0,3802260.0,-697740.0,-15.505333333333333
sling blade,1000000.0,24444121.0,23444121.0,2344.4121
the mirror has two faces,42000000.0,41083864.0,-916136.0,-2.1812761904761904
the birdcage,31000000.0,185260553.0,154260553.0,497.6146870967742
that thing you do!,26000000.0,34585416.0,8585416.0,33.02083076923077
the island of dr. moreau,40000000.0,49627779.0,9627779.0,24.0694475
kingpin,27000000.0,25023434.0,-1976566.0,-7.320614814814815
the hunchback of notre dame,100000000.0,325338851.0,225338851.0,225.338851
the frighteners,30000000.0,29359216.0,-640784.0,-2.135946666666667
eraser,100000000.0,242295562.0,142295562.0,142.295562
striptease,40000000.0,113309743.0,73309743.0,183.2743575
star trek: first contact,45000000.0,146027888.0,101027888.0,224.50641777777776
swingers,200000.0,4555020.0,4355020.0,2177.5099999999998
escape from l.a.,50000000.0,25477365.0,-24522635.0,-49.04527
the cable guy,47000000.0,102825796.0,55825796.0,118.77828936170214
don't be a menace to south central while drinking your juice in the hood,3800000.0,20949601.0,17149601.0,451.3052894736842
thinner,8500000.0,15315484.0,6815484.0,80.18216470588236
hard eight,3000000.0,222559.0,-2777441.0,-92.58136666666667
the nutty professor,54000000.0,273961019.0,219961019.0,407.33522037037034
hamlet,18000000.0,4770222.0,-13229778.0,-73.49876666666667
big night,4100000.0,12008376.0,7908376.0,192.88721951219512
the ghost and the darkness,55000000.0,38619405.0,-16380595.0,-29.7829
courage under fire,46000000.0,100860818.0,54860818.0,119.26264782608695
the first wives club,26000000.0,181489203.0,155489203.0,598.0353961538461
set it off,9000000.0,41590886.0,32590886.0,362.12095555555555
james and the giant peach,38000000.0,28946127.0,-9053873.0,-23.82598157894737
dragonheart,57000000.0,115267375.0,58267375.0,102.22346491228069
executive decision,55000000.0,121969216.0,66969216.0,121.76221090909092
bio-dome,15000000.0,13427615.0,-1572385.0,-10.482566666666667
jack,45000000.0,58620973.0,13620973.0,30.268828888888887
white squall,38000000.0,10292300.0,-27707700.0,-72.91499999999999
broken arrow,50000000.0,150270147.0,100270147.0,200.54029400000002
emma,6000000.0,22231658.0,16231658.0,270.5276333333333
chain reaction,50000000.0,60209334.0,10209334.0,20.418668
kama sutra: a tale of love,3000000.0,4109095.0,1109095.0,36.969833333333334
the crucible,25000000.0,7343114.0,-17656886.0,-70.627544
waiting for guffman,4000000.0,2923982.0,-1076018.0,-26.90045
secrets & lies,4500000.0,13417292.0,8917292.0,198.16204444444446
daylight,80000000.0,159212469.0,79212469.0,99.01558625
last man standing,67000000.0,47267001.0,-19732999.0,-29.45223731343284
the arrival,25000000.0,14063331.0,-10936669.0,-43.746676
ransom,80000000.0,309492681.0,229492681.0,286.86585125
beavis and butt-head do america,12000000.0,63118386.0,51118386.0,425.98655
fly away home,22000000.0,25143818.0,3143818.0,14.290081818181818
tin cup,45000000.0,53854588.0,8854588.0,19.676862222222223
barb wire,9000000.0,3793614.0,-5206386.0,-57.848733333333335
the phantom,45000000.0,17323326.0,-27676674.0,-61.503719999999994
the fan,55000000.0,18626419.0,-36373581.0,-66.13378363636365
eye for an eye,20000000.0,26877589.0,6877589.0,34.387944999999995
trees lounge,1300000.0,749741.0,-550259.0,-42.327615384615385
the people vs. larry flynt,36000000.0,20300385.0,-15699615.0,-43.61004166666667
freeway,3000000.0,295493.0,-2704507.0,-90.15023333333333
kazaam,20000000.0,18937262.0,-1062738.0,-5.31369
down periscope,31000000.0,37553752.0,6553752.0,21.14113548387097
mulholland falls,29000000.0,11526099.0,-17473901.0,-60.254831034482756
jingle all the way,60000000.0,129832389.0,69832389.0,116.38731499999999
she's the one,3500000.0,9538948.0,6038948.0,172.5413714285714
shine,5500000.0,35999081.0,30499081.0,554.5287454545455
maximum risk,25000000.0,14502483.0,-10497517.0,-41.990068
lone star,5000000.0,12408986.0,7408986.0,148.17972
michael collins,25000000.0,11135803.0,-13864197.0,-55.456788
phenomenon,32000000.0,152036382.0,120036382.0,375.11369375000004
harriet the spy,12000000.0,26570048.0,14570048.0,121.41706666666667
flipper,25530000.0,20080020.0,-5449980.0,-21.347356051703876
evita,55000000.0,141047179.0,86047179.0,156.44941636363637
bordello of blood,13000000.0,5781045.0,-7218955.0,-55.53042307692307
spy hard,18000000.0,26960191.0,8960191.0,49.778838888888885
marvin's room,23000000.0,12803305.0,-10196695.0,-44.33345652173913
multiplicity,45000000.0,21075014.0,-23924986.0,-53.16663555555555
everyone says i love you,20000000.0,9759200.0,-10240800.0,-51.20400000000001
a very brady sequel,12000000.0,21440752.0,9440752.0,78.67293333333333
the crow: city of angels,13000000.0,17917287.0,4917287.0,37.82528461538461
basquiat,3300000.0,3011195.0,-288805.0,-8.751666666666667
the quest,30000000.0,57400547.0,27400547.0,91.33515666666666
hellraiser: bloodline,4000000.0,9336886.0,5336886.0,133.42215
manny & lo,500000.0,502313.0,2313.0,0.4626
the chamber,50000000.0,22540359.0,-27459641.0,-54.919282
blood and wine,22000000.0,1094668.0,-20905332.0,-95.02423636363636
jude,7000000.0,409144.0,-6590856.0,-94.15508571428572
bulletproof,25000000.0,22611954.0,-2388046.0,-9.552184
mad dog time,8000000.0,107874.0,-7892126.0,-98.65157500000001
mrs. winterbourne,25000000.0,10082005.0,-14917995.0,-59.671980000000005
the glimmer man,45000000.0,20351264.0,-24648736.0,-54.774968888888885
up close & personal,60000000.0,100688705.0,40688705.0,67.81450833333334
the juror,44000000.0,22754725.0,-21245275.0,-48.284715909090906
flirting with disaster,7000000.0,14702438.0,7702438.0,110.03482857142856
joe's apartment,13000000.0,4619014.0,-8380986.0,-64.46912307692307
ghosts of mississippi,36000000.0,13323144.0,-22676856.0,-62.99126666666667
the preacher's wife,40000000.0,48102795.0,8102795.0,20.2569875
if lucy fell,5000000.0,2420162.0,-2579838.0,-51.596759999999996
bad moon,7000000.0,1060264.0,-5939736.0,-84.85337142857144
carpool,17000000.0,3325651.0,-13674349.0,-80.43734705882353
before and after,35000000.0,8797839.0,-26202161.0,-74.86331714285714
citizen ruth,3000000.0,285112.0,-2714888.0,-90.49626666666667
extreme measures,38000000.0,17380126.0,-20619874.0,-54.26282631578947
a thin line between love and hate,8000000.0,35599803.0,27599803.0,344.9975375
the whole wide world,1300000.0,375757.0,-924243.0,-71.09561538461539
dear god,22000000.0,7138523.0,-14861477.0,-67.55216818181819
the pallbearer,8000000.0,5656388.0,-2343612.0,-29.295149999999996
lawnmower man 2: beyond cyberspace,15000000.0,2409225.0,-12590775.0,-83.9385
curdled,2300000.0,49620.0,-2250380.0,-97.84260869565217
eddie,30000000.0,31387164.0,1387164.0,4.62388
the adventures of pinocchio,25000000.0,15094530.0,-9905470.0,-39.62188
city hall,40000000.0,20340204.0,-19659796.0,-49.14949
twelfth night,5000000.0,588621.0,-4411379.0,-88.22758
mary reilly,47000000.0,12379402.0,-34620598.0,-73.66084680851064
my fellow americans,21500000.0,22313201.0,813201.0,3.78233023255814
sgt. bilko,39000000.0,37956793.0,-1043207.0,-2.674889743589744
heaven's prisoners,25000000.0,5009305.0,-19990695.0,-79.96278
girl 6,12000000.0,4939939.0,-7060061.0,-58.833841666666665
larger than life,30000000.0,8315693.0,-21684307.0,-72.28102333333334
the stupids,25000000.0,2491989.0,-22508011.0,-90.032044
the funeral,12500000.0,1227324.0,-11272676.0,-90.18140799999999
schizopolis,250000.0,10580.0,-239420.0,-95.768
alaska,23000000.0,11829959.0,-11170041.0,-48.56539565217391
surviving picasso,16000000.0,2021348.0,-13978652.0,-87.366575
kansas city,19000000.0,1356828.0,-17643172.0,-92.8588
fled,25000000.0,17193231.0,-7806769.0,-31.227075999999997
unforgettable,18000000.0,2821671.0,-15178329.0,-84.32405
grace of my heart,5000000.0,660313.0,-4339687.0,-86.79374
ed,24000000.0,4422380.0,-19577620.0,-81.57341666666666
the game,50000000.0,109423648.0,59423648.0,118.84729599999999
boogie nights,15000000.0,43101594.0,28101594.0,187.34396
titanic,200000000.0,2201647264.0,2001647264.0,1000.823632
the fifth element,93000000.0,263920180.0,170920180.0,183.78513978494624
austin powers: international man of mystery,16500000.0,67683989.0,51183989.0,310.2059939393939
lolita,62000000.0,1071255.0,-60928745.0,-98.27216935483871
good will hunting,10000000.0,225933435.0,215933435.0,2159.33435
starship troopers,105000000.0,121214377.0,16214377.0,15.44226380952381
the devil's advocate,57000000.0,152944660.0,95944660.0,168.3239649122807
con air,75000000.0,224012234.0,149012234.0,198.68297866666666
jackie brown,12000000.0,39673807.0,27673807.0,230.61505833333334
l.a. confidential,35000000.0,126216940.0,91216940.0,260.61982857142857
life is beautiful,20000000.0,230098753.0,210098753.0,1050.493765
contact,90000000.0,171120329.0,81120329.0,90.13369888888889
men in black,90000000.0,589390539.0,499390539.0,554.8783766666667
home alone 3,32000000.0,79082515.0,47082515.0,147.132859375
air force one,85000000.0,315156409.0,230156409.0,270.77224588235293
batman & robin,125000000.0,238235719.0,113235719.0,90.5885752
event horizon,60000000.0,26673829.0,-33326171.0,-55.543618333333335
hercules,85000000.0,252712101.0,167712101.0,197.30835411764707
dante's peak,116000000.0,178127760.0,62127760.0,53.55841379310344
the lost world: jurassic park,73000000.0,618638999.0,545638999.0,747.4506835616438
scream 2,24000000.0,172363301.0,148363301.0,618.1804208333333
face/off,80000000.0,245676146.0,165676146.0,207.0951825
as good as it gets,50000000.0,314178011.0,264178011.0,528.356022
gattaca,36000000.0,12532777.0,-23467223.0,-65.18673055555556
the rainmaker,40000000.0,45916769.0,5916769.0,14.791922499999998
i know what you did last summer,17000000.0,125586134.0,108586134.0,638.7419647058824
alien: resurrection,75000000.0,161376069.0,86376069.0,115.168092
liar liar,45000000.0,302710615.0,257710615.0,572.6902555555555
donnie brasco,35000000.0,124909762.0,89909762.0,256.8850342857143
george of the jungle,55000000.0,174463257.0,119463257.0,217.20592181818182
anastasia,50000000.0,139804348.0,89804348.0,179.608696
fools rush in,20000000.0,29481428.0,9481428.0,47.40714
midnight in the garden of good and evil,35000000.0,25105255.0,-9894745.0,-28.270699999999998
good burger,9000000.0,23712993.0,14712993.0,163.4777
the edge,30000000.0,43312294.0,13312294.0,44.37431333333333
my best friend's wedding,38000000.0,299288605.0,261288605.0,687.6015921052631
anaconda,45000000.0,136885767.0,91885767.0,204.1905933333333
tomorrow never dies,110000000.0,333011068.0,223011068.0,202.73733454545453
speed 2: cruise control,160000000.0,164508066.0,4508066.0,2.81754125
the saint,68000000.0,118063304.0,50063304.0,73.62250588235294
lost highway,15000000.0,3703548.0,-11296452.0,-75.30968
the full monty,3500000.0,257938649.0,254438649.0,7269.6756857142855
spawn,40000000.0,87840042.0,47840042.0,119.600105
seven years in tibet,70000000.0,131457682.0,61457682.0,87.79668857142858
cop land,15000000.0,44862187.0,29862187.0,199.08124666666666
gummo,1300000.0,116799.0,-1183201.0,-91.01546153846154
in & out,35000000.0,63856929.0,28856929.0,82.44836857142857
wilde,10000000.0,2158775.0,-7841225.0,-78.41225
chasing amy,250000.0,12021272.0,11771272.0,4708.5088
u turn,19000000.0,6682098.0,-12317902.0,-64.83106315789475
conspiracy theory,75000000.0,136982834.0,61982834.0,82.64377866666666
breakdown,36000000.0,50159144.0,14159144.0,39.330955555555555
g.i. jane,50000000.0,48169156.0,-1830844.0,-3.661688
the jackal,60000000.0,159330280.0,99330280.0,165.55046666666667
kiss the girls,27000000.0,60527873.0,33527873.0,124.1773074074074
vegas vacation,25000000.0,36400360.0,11400360.0,45.60144
the devil's own,90000000.0,140807547.0,50807547.0,56.45283
amistad,36000000.0,44229441.0,8229441.0,22.859558333333332
the postman,80000000.0,17626234.0,-62373766.0,-77.9672075
mimic,30000000.0,25480803.0,-4519197.0,-15.063989999999999
fierce creatures,25000000.0,9381260.0,-15618740.0,-62.47496
grosse pointe blank,15000000.0,28084357.0,13084357.0,87.22904666666666
mortal kombat: annihilation,30000000.0,51376861.0,21376861.0,71.25620333333333
spice world,25000000.0,29342592.0,4342592.0,17.370368
selena,20000000.0,35281794.0,15281794.0,76.40897
happy together,4200000.0,585773.0,-3614227.0,-86.05302380952381
the borrowers,29000000.0,22619589.0,-6380411.0,-22.001417241379308
the peacemaker,50000000.0,110463140.0,60463140.0,120.92628
volcano,90000000.0,122823468.0,32823468.0,36.47052
mousehunt,38000000.0,122417389.0,84417389.0,222.15102368421054
beverly hills ninja,18000000.0,31480418.0,13480418.0,74.8912111111111
murder at 1600,40000000.0,25804707.0,-14195293.0,-35.4882325
flubber,80000000.0,177977226.0,97977226.0,122.4715325
orgazmo,1000000.0,602302.0,-397698.0,-39.7698
the ice storm,18000000.0,8038061.0,-9961939.0,-55.34410555555556
soul food,7500000.0,43700855.0,36200855.0,482.6780666666667
children of heaven,180000.0,933933.0,753933.0,418.8516666666667
double team,30000000.0,11438337.0,-18561663.0,-61.87221
the relic,40000000.0,33956608.0,-6043392.0,-15.108479999999998
an american werewolf in paris,25000000.0,26570463.0,1570463.0,6.281852000000001
bean,18000000.0,251212670.0,233212670.0,1295.6259444444445
wag the dog,15000000.0,64256513.0,49256513.0,328.37675333333334
absolute power,50000000.0,50068310.0,68310.0,0.13662
wishmaster,5000000.0,15738769.0,10738769.0,214.77537999999998
jungle 2 jungle,32000000.0,59927618.0,27927618.0,87.27380624999999
private parts,28000000.0,41230799.0,13230799.0,47.252853571428574
picture perfect,10000000.0,44332015.0,34332015.0,343.32015
money talks,25000000.0,48407611.0,23407611.0,93.630444
switchback,37000000.0,6492660.0,-30507340.0,-82.45227027027026
nothing to lose,25000000.0,44480039.0,19480039.0,77.92015599999999
steel,16000000.0,1710972.0,-14289028.0,-89.306425
eve's bayou,6000000.0,14842388.0,8842388.0,147.37313333333333
kundun,28000000.0,5684789.0,-22315211.0,-79.69718214285714
fire down below,60000000.0,16228448.0,-43771552.0,-72.95258666666666
air bud,3000000.0,23144499.0,20144499.0,671.4833
the opposite of sex,5000000.0,5881367.0,881367.0,17.62734
for richer or poorer,35000000.0,32748995.0,-2251005.0,-6.431442857142858
turbo: a power rangers movie,8000000.0,9615840.0,1615840.0,20.198
rosewood,25000000.0,13130349.0,-11869651.0,-47.478604000000004
metro,55000000.0,32000301.0,-22999699.0,-41.817634545454546
red corner,48000000.0,22459274.0,-25540726.0,-53.20984583333333
affliction,6000000.0,6330054.0,330054.0,5.500900000000001
love jones,10000000.0,12782749.0,2782749.0,27.827489999999997
a thousand acres,28000000.0,7936780.0,-20063220.0,-71.65435714285714
hoodlum,30000000.0,23499102.0,-6500898.0,-21.66966
excess baggage,20000000.0,14515490.0,-5484510.0,-27.42255
the man who knew too little,20000000.0,13717039.0,-6282961.0,-31.414805
the beautician and the beast,16000000.0,11486880.0,-4513120.0,-28.206999999999997
suicide kings,5000000.0,1740156.0,-3259844.0,-65.19688000000001
city of industry,8000000.0,1568258.0,-6431742.0,-80.39677499999999
one eight seven,20000000.0,5727130.0,-14272870.0,-71.36435
deconstructing harry,20000000.0,10686841.0,-9313159.0,-46.565795
a life less ordinary,12000000.0,4366722.0,-7633278.0,-63.61065
the night flier,1000000.0,125397.0,-874603.0,-87.4603
kull the conqueror,30000000.0,6112613.0,-23887387.0,-79.62462333333333
the spanish prisoner,10000000.0,9593903.0,-406097.0,-4.06097
the pest,8000000.0,3600616.0,-4399384.0,-54.99230000000001
warriors of virtue,35000000.0,6537036.0,-28462964.0,-81.32275428571428
the apostle,5000000.0,19868354.0,14868354.0,297.36708
anna karenina,35000000.0,858553.0,-34141447.0,-97.54699142857143
ulee's gold,2700000.0,9161691.0,6461691.0,239.32188888888888
prefontaine,8000000.0,589304.0,-7410696.0,-92.63369999999999
cats don't dance,32000000.0,3566637.0,-28433363.0,-88.854259375
turbulence,55000000.0,11538235.0,-43461765.0,-79.02139090909091
one night stand,24000000.0,2642983.0,-21357017.0,-88.98757083333334
paradise road,16000000.0,2007100.0,-13992900.0,-87.455625
trojan war,15000000.0,309.0,-14999691.0,-99.99794
mr. magoo,30000000.0,21437192.0,-8562808.0,-28.542693333333336
fathers' day,85000000.0,28598376.0,-56401624.0,-66.35485176470588
lawn dogs,8000000.0,106404.0,-7893596.0,-98.66995
two girls and a guy,1000000.0,2057193.0,1057193.0,105.7193
the house of yes,1500000.0,626057.0,-873943.0,-58.26286666666667
she's so lovely,18000000.0,7281450.0,-10718550.0,-59.5475
twin town,3300000.0,127923.0,-3172077.0,-96.12354545454545
leave it to beaver,15000000.0,10925060.0,-4074940.0,-27.166266666666665
a simple wish,28000000.0,8345056.0,-19654944.0,-70.19622857142858
star kid,12000000.0,7029025.0,-4970975.0,-41.424791666666664
the last time i committed suicide,4000000.0,46362.0,-3953638.0,-98.84095
out to sea,33000000.0,30716901.0,-2283099.0,-6.918481818181818
gone fishin',53000000.0,19745922.0,-33254078.0,-62.74354339622642
most wanted,25000000.0,11838218.0,-13161782.0,-52.647127999999995
8 heads in a duffel bag,3000000.0,3602884.0,602884.0,20.096133333333334
the sixth man,11000000.0,14772788.0,3772788.0,34.298072727272725
welcome to sarajevo,9000000.0,334319.0,-8665681.0,-96.28534444444445
playing god,12000000.0,4166918.0,-7833082.0,-65.27568333333333
in the company of men,25000.0,2804473.0,2779473.0,11117.892
mchale's navy,31190000.0,4529843.0,-26660157.0,-85.47661750561078
smilla's sense of snow,35000000.0,2372903.0,-32627097.0,-93.22027714285714
the big lebowski,15000000.0,46748721.0,31748721.0,211.65813999999997
saving private ryan,70000000.0,482349603.0,412349603.0,589.0708614285713
american history x,20000000.0,23875127.0,3875127.0,19.375635
the truman show,60000000.0,264118201.0,204118201.0,340.19700166666667
armageddon,140000000.0,553709788.0,413709788.0,295.50699142857144
rounders,12000000.0,22912409.0,10912409.0,90.93674166666666
wild things,20000000.0,30166293.0,10166293.0,50.831464999999994
blade,45000000.0,131183530.0,86183530.0,191.51895555555555
the wedding singer,18000000.0,123306987.0,105306987.0,585.0388166666667
meet joe black,90000000.0,142940100.0,52940100.0,58.82233333333333
rush hour,33000000.0,244721064.0,211721064.0,641.5789818181819
fear and loathing in las vegas,18500000.0,10680275.0,-7819725.0,-42.26878378378379
deep impact,75000000.0,349464664.0,274464664.0,365.9528853333333
there's something about mary,23000000.0,369884651.0,346884651.0,1508.1941347826087
the faculty,15000000.0,40283321.0,25283321.0,168.55547333333334
a bug's life,120000000.0,363258859.0,243258859.0,202.71571583333335
out of sight,48000000.0,77745966.0,29745966.0,61.9707625
mulan,90000000.0,304320254.0,214320254.0,238.13361555555556
practical magic,75000000.0,46733235.0,-28266765.0,-37.68902
the thin red line,52000000.0,98126565.0,46126565.0,88.7049326923077
pleasantville,60000000.0,49805462.0,-10194538.0,-16.990896666666664
you've got mail,65000000.0,250821495.0,185821495.0,285.87922307692304
what dreams may come,85000000.0,55382927.0,-29617073.0,-34.84361529411765
rushmore,9000000.0,17196103.0,8196103.0,91.06781111111111
the mask of zorro,95000000.0,250288523.0,155288523.0,163.46160315789473
a perfect murder,60000000.0,128038368.0,68038368.0,113.39728
dark city,27000000.0,27200316.0,200316.0,0.7419111111111111
ever after: a cinderella story,26000000.0,98005666.0,72005666.0,276.9448692307692
godzilla,130000000.0,379014294.0,249014294.0,191.54945692307692
shakespeare in love,25000000.0,289317794.0,264317794.0,1057.271176
can't hardly wait,10000000.0,25605015.0,15605015.0,156.05015
small soldiers,40000000.0,54682547.0,14682547.0,36.7063675
snake eyes,73000000.0,103891409.0,30891409.0,42.316998630136986
the prince of egypt,70000000.0,218613188.0,148613188.0,212.30455428571426
stepmom,50000000.0,159710793.0,109710793.0,219.421586
the waterboy,23000000.0,185991646.0,162991646.0,708.6593304347825
blast from the past,35000000.0,40263020.0,5263020.0,15.0372
star trek: insurrection,58000000.0,112587658.0,54587658.0,94.11665172413794
the man in the iron mask,35000000.0,182968902.0,147968902.0,422.76829142857144
enemy of the state,90000000.0,250849789.0,160849789.0,178.72198777777777
the celebration,1300000.0,1657778.0,357778.0,27.521384615384616
urban legend,14000000.0,72527595.0,58527595.0,418.05424999999997
ronin,55000000.0,41616262.0,-13383738.0,-24.33406909090909
lost in space,80000000.0,136159423.0,56159423.0,70.19927875
bride of chucky,25000000.0,50688658.0,25688658.0,102.75463199999999
pi,60000.0,3221152.0,3161152.0,5268.586666666667
the horse whisperer,60000000.0,186883563.0,126883563.0,211.472605
happiness,2200000.0,2982011.0,782011.0,35.54595454545454
patch adams,90000000.0,202292902.0,112292902.0,124.76989111111112
sphere,80000000.0,37020277.0,-42979723.0,-53.724653749999995
u.s. marshals,60000000.0,102367405.0,42367405.0,70.61234166666667
six days seven nights,70000000.0,164839294.0,94839294.0,135.48470571428572
deep rising,45000000.0,11203026.0,-33796974.0,-75.10438666666667
lethal weapon 4,140000000.0,285444603.0,145444603.0,103.88900214285715
elizabeth,30000000.0,82150642.0,52150642.0,173.83547333333334
the negotiator,50000000.0,44547681.0,-5452319.0,-10.904638
54,13000000.0,16757163.0,3757163.0,28.901253846153846
hope floats,30000000.0,81471882.0,51471882.0,171.57294000000002
sliding doors,6000000.0,11841544.0,5841544.0,97.35906666666668
buffalo '66,1500000.0,2375097.0,875097.0,58.3398
psycho,60000000.0,37170655.0,-22829345.0,-38.04890833333333
halloween h20: 20 years later,17000000.0,55041738.0,38041738.0,223.7749294117647
disturbing behavior,15000000.0,17514980.0,2514980.0,16.766533333333335
mercury rising,60000000.0,93107289.0,33107289.0,55.178815
city of angels,55000000.0,198685114.0,143685114.0,261.2456618181818
half baked,8000000.0,17460020.0,9460020.0,118.25025
he got game,25000000.0,21567853.0,-3432147.0,-13.728588
antz,105000000.0,171757863.0,66757863.0,63.57891714285714
a simple plan,30000000.0,16316273.0,-13683727.0,-45.61242333333333
vampires,20000000.0,20308772.0,308772.0,1.54386
following,6000.0,48482.0,42482.0,708.0333333333333
great expectations,25000000.0,55494066.0,30494066.0,121.97626399999999
the avengers,60000000.0,23384939.0,-36615061.0,-61.02510166666667
the legend of 1900,9000000.0,21057208.0,12057208.0,133.96897777777778
i still know what you did last summer,65000000.0,40002112.0,-24997888.0,-38.45828923076923
the siege,70000000.0,116672912.0,46672912.0,66.67558857142856
soldier,60000000.0,14594226.0,-45405774.0,-75.67629
a night at the roxbury,17000000.0,30331165.0,13331165.0,78.41861764705882
the x files,66000000.0,189176423.0,123176423.0,186.63094393939394
baseketball,25000000.0,7027290.0,-17972710.0,-71.89084
six-string samurai,2000000.0,146125.0,-1853875.0,-92.69375
the replacement killers,30000000.0,19204929.0,-10795071.0,-35.98357
bulworth,30000000.0,29202884.0,-797116.0,-2.6570533333333333
dirty work,13000000.0,10023282.0,-2976718.0,-22.89783076923077
apt pupil,14000000.0,8863193.0,-5136807.0,-36.69147857142857
doctor dolittle,71500000.0,294456605.0,222956605.0,311.8274195804196
celebrity,12000000.0,5078660.0,-6921340.0,-57.677833333333325
very bad things,30000000.0,9898412.0,-20101588.0,-67.00529333333334
the last days of disco,8000000.0,3020601.0,-4979399.0,-62.242487499999996
the big hit,13000000.0,27007143.0,14007143.0,107.74725384615384
blues brothers 2000,28000000.0,14051384.0,-13948616.0,-49.81648571428571
gods and monsters,10000000.0,6451628.0,-3548372.0,-35.483720000000005
the red violin,18000000.0,10019109.0,-7980891.0,-44.33828333333334
mighty joe young,90000000.0,50632037.0,-39367963.0,-43.74218111111111
the object of my affection,15000000.0,46905889.0,31905889.0,212.70592666666664
twilight,37000000.0,15055091.0,-21944909.0,-59.310564864864865
pokémon: the first movie - mewtwo strikes back,30000000.0,163644662.0,133644662.0,445.4822066666667
belly,3000000.0,9639390.0,6639390.0,221.31300000000002
waking ned devine,3000000.0,55257450.0,52257450.0,1741.9149999999997
babe: pig in the city,90000000.0,69131860.0,-20868140.0,-23.186822222222222
primary colors,65000000.0,52090187.0,-12909813.0,-19.86125076923077
quest for camelot,40000000.0,22510798.0,-17489202.0,-43.723005
hard rain,70000000.0,19870567.0,-50129433.0,-71.61347571428571
simon birch,30000000.0,18253415.0,-11746585.0,-39.15528333333334
jack frost,85000000.0,34562556.0,-50437444.0,-59.33816941176471
hush,21000000.0,13583690.0,-7416310.0,-35.31576190476191
how stella got her groove back,20000000.0,39278722.0,19278722.0,96.39361
almost heroes,30000000.0,6136856.0,-23863144.0,-79.54381333333333
major league: back to the minors,18000000.0,3572443.0,-14427557.0,-80.15309444444443
a civil action,75000000.0,56709981.0,-18290019.0,-24.386692
playing by heart,20000000.0,3970078.0,-16029922.0,-80.14961000000001
the rugrats movie,24000000.0,140894675.0,116894675.0,487.06114583333334
the players club,4500000.0,23261485.0,18761485.0,416.9218888888889
dead man on campus,14000000.0,15064946.0,1064946.0,7.606757142857143
senseless,15000000.0,12874899.0,-2125101.0,-14.167340000000001
black dog,30000000.0,12951088.0,-17048912.0,-56.82970666666667
dangerous beauty,8000000.0,4553271.0,-3446729.0,-43.084112499999996
the newton boys,27000000.0,10452012.0,-16547988.0,-61.28884444444444
central station,2900000.0,5971073.0,3071073.0,105.89906896551724
pecker,6000000.0,2281761.0,-3718239.0,-61.970650000000006
without limits,25000000.0,777423.0,-24222577.0,-96.890308
wide awake,6000000.0,282175.0,-5717825.0,-95.29708333333333
mafia!,10000000.0,19889299.0,9889299.0,98.89299
desperate measures,50000000.0,13806137.0,-36193863.0,-72.387726
hideous kinky,12000000.0,1263279.0,-10736721.0,-89.472675
smoke signals,2000000.0,6745362.0,4745362.0,237.2681
beloved,80000000.0,22852487.0,-57147513.0,-71.43439124999999
one true thing,30000000.0,26616840.0,-3383160.0,-11.2772
firestorm,19000000.0,8165212.0,-10834788.0,-57.0252
slums of beverly hills,5000000.0,5502773.0,502773.0,10.05546
strangeland,1100000.0,713239.0,-386761.0,-35.160090909090904
paulie,23000000.0,26875268.0,3875268.0,16.848991304347827
barney's great adventure,15000000.0,12218638.0,-2781362.0,-18.542413333333332
meet the deedles,24000000.0,4356216.0,-19643784.0,-81.84909999999999
the gingerbread man,25000000.0,1677131.0,-23322869.0,-93.29147599999999
savior,10000000.0,14328.0,-9985672.0,-99.85672
clay pigeons,8000000.0,1794086.0,-6205914.0,-77.573925
knock off,30000000.0,10319915.0,-19680085.0,-65.60028333333334
i'll be home for christmas,30000000.0,12214338.0,-17785662.0,-59.285540000000005
edge of seventeen,700000.0,871759.0,171759.0,24.537
ringmaster,20000000.0,9257103.0,-10742897.0,-53.714485
another day in paradise,4500000.0,1036818.0,-3463182.0,-76.9596
holy man,60000000.0,12069719.0,-47930281.0,-79.88380166666667
your friends and neighbors,5000000.0,4714658.0,-285342.0,-5.70684
zero effect,5000000.0,2087471.0,-2912529.0,-58.25058
hell's kitchen,6000000.0,11710.0,-5988290.0,-99.80483333333333
hurlyburly,15000000.0,1808004.0,-13191996.0,-87.94664
home fries,35000000.0,10493366.0,-24506634.0,-70.01895428571429
the matrix,63000000.0,466364845.0,403364845.0,640.2616587301587
fight club,63000000.0,101209702.0,38209702.0,60.65032063492064
the talented mr. ripley,40000000.0,128799509.0,88799509.0,221.99877250000003
eyes wide shut,65000000.0,162242684.0,97242684.0,149.60412923076922
the mummy,80000000.0,415933406.0,335933406.0,419.91675749999996
american pie,11000000.0,235483004.0,224483004.0,2040.754581818182
the green mile,60000000.0,286801374.0,226801374.0,378.00229
american beauty,15000000.0,356296601.0,341296601.0,2275.3106733333334
star wars: episode i - the phantom menace,115000000.0,1027082707.0,912082707.0,793.1153973913043
10 things i hate about you,30000000.0,53478579.0,23478579.0,78.26193
the sixth sense,40000000.0,672806292.0,632806292.0,1582.01573
austin powers: the spy who shagged me,33000000.0,312016928.0,279016928.0,845.5058424242424
office space,10000000.0,10828256.0,828256.0,8.28256
galaxy quest,45000000.0,90683916.0,45683916.0,101.51981333333333
notting hill,42000000.0,363889678.0,321889678.0,766.4039952380953
cruel intentions,10500000.0,76347426.0,65847426.0,627.1183428571429
the blair witch project,60000.0,248639099.0,248579099.0,414298.49833333335
the virgin suicides,9000000.0,10410044.0,1410044.0,15.667155555555556
magnolia,37000000.0,48451803.0,11451803.0,30.95081891891892
"girl, interrupted",40000000.0,48350205.0,8350205.0,20.875512500000003
stuart little,133000000.0,300135367.0,167135367.0,125.66568947368421
deep blue sea,60000000.0,164648142.0,104648142.0,174.41357
the boondock saints,6000000.0,30471.0,-5969529.0,-99.49215
varsity blues,16000000.0,54294169.0,38294169.0,239.33855624999998
she's all that,10000000.0,103166989.0,93166989.0,931.66989
sleepy hollow,100000000.0,206071502.0,106071502.0,106.071502
lake placid,35000000.0,56870414.0,21870414.0,62.486897142857146
toy story 2,90000000.0,497375381.0,407375381.0,452.6393122222222
dogma,10000000.0,31429330.0,21429330.0,214.29330000000002
tarzan,130000000.0,448191819.0,318191819.0,244.76293769230767
election,25000000.0,14902041.0,-10097959.0,-40.391836
being john malkovich,13000000.0,23106667.0,10106667.0,77.74359230769231
the iron giant,70000000.0,23180087.0,-46819913.0,-66.88559
the world is not enough,135000000.0,361832400.0,226832400.0,168.024
mystery men,68000000.0,33461011.0,-34538989.0,-50.79263088235294
wild wild west,170000000.0,222104681.0,52104681.0,30.649812352941176
big daddy,34200000.0,234801895.0,200601895.0,586.5552485380117
the ninth gate,38000000.0,58401898.0,20401898.0,53.68920526315789
double jeopardy,70000000.0,177841558.0,107841558.0,154.05936857142856
the insider,90000000.0,60289912.0,-29710088.0,-33.01120888888889
deuce bigalow: male gigolo,17000000.0,92938755.0,75938755.0,446.6985588235294
the 13th warrior,160000000.0,61698899.0,-98301101.0,-61.438188125
life,80000000.0,73475268.0,-6524732.0,-8.155915
end of days,100000000.0,211989043.0,111989043.0,111.98904300000001
the thomas crown affair,48000000.0,124305181.0,76305181.0,158.96912708333332
drop dead gorgeous,15000000.0,10571408.0,-4428592.0,-29.523946666666667
boys don't cry,2000000.0,11540607.0,9540607.0,477.03035
8mm,40000000.0,96618699.0,56618699.0,141.5467475
house on haunted hill,37000000.0,42593455.0,5593455.0,15.117445945945946
but i'm a cheerleader,1200000.0,2595216.0,1395216.0,116.268
never been kissed,25000000.0,84565230.0,59565230.0,238.26092
jawbreaker,3500000.0,3117085.0,-382915.0,-10.940428571428571
the bone collector,73000000.0,151493655.0,78493655.0,107.52555479452054
any given sunday,55000000.0,100230832.0,45230832.0,82.23787636363636
a walk on the moon,14000000.0,4750660.0,-9249340.0,-66.06671428571428
summer of sam,22000000.0,19288130.0,-2711870.0,-12.326681818181818
the cider house rules,24000000.0,88545092.0,64545092.0,268.93788333333333
october sky,25000000.0,34698753.0,9698753.0,38.795012
the haunting,80000000.0,177311151.0,97311151.0,121.63893875000001
existenz,15000000.0,2856712.0,-12143288.0,-80.95525333333333
for love of the game,80000000.0,46112640.0,-33887360.0,-42.3592
bringing out the dead,55000000.0,16797191.0,-38202809.0,-69.45965272727273
three kings,75000000.0,107752036.0,32752036.0,43.669381333333334
go,20000000.0,28451622.0,8451622.0,42.25811
payback,90000000.0,161626121.0,71626121.0,79.58457888888888
"south park: bigger, longer & uncut",21000000.0,83137603.0,62137603.0,295.8933476190476
the straight story,10000000.0,6416569.0,-3583431.0,-35.83431
idle hands,25000000.0,4152230.0,-20847770.0,-83.39107999999999
bowfinger,55000000.0,98625775.0,43625775.0,79.3195909090909
detroit rock city,34000000.0,4217115.0,-29782885.0,-87.5967205882353
the general's daughter,95000000.0,149705852.0,54705852.0,57.58510736842105
the messenger: the story of joan of arc,85000000.0,66976317.0,-18023683.0,-21.20433294117647
man on the moon,82000000.0,47434430.0,-34565570.0,-42.153134146341465
ratcatcher,30000.0,217244.0,187244.0,624.1466666666666
ravenous,12000000.0,2062405.0,-9937595.0,-82.81329166666667
entrapment,66000000.0,212404396.0,146404396.0,221.82484242424243
stir of echoes,12000000.0,21142914.0,9142914.0,76.19095
teaching mrs. tingle,13000000.0,8951935.0,-4048065.0,-31.13896153846154
bicentennial man,100000000.0,87423861.0,-12576139.0,-12.576139
runaway bride,70000000.0,309460292.0,239460292.0,342.08613142857143
the thirteenth floor,16000000.0,18564088.0,2564088.0,16.02555
inspector gadget,90000000.0,134403112.0,44403112.0,49.33679111111111
arlington road,31000000.0,41067311.0,10067311.0,32.47519677419355
the hurricane,50000000.0,73956241.0,23956241.0,47.912482
drive me crazy,8500000.0,22593409.0,14093409.0,165.80481176470587
blue streak,65000000.0,117758500.0,52758500.0,81.16692307692308
the limey,10000000.0,3325736.0,-6674264.0,-66.74264
message in a bottle,80000000.0,118880016.0,38880016.0,48.60002
stigmata,29000000.0,89446268.0,60446268.0,208.4354068965517
a midsummer night's dream,11000000.0,16071990.0,5071990.0,46.109
the other sister,35000000.0,27807627.0,-7192373.0,-20.549637142857144
analyze this,80000000.0,176885658.0,96885658.0,121.10707249999999
brokedown palace,25000000.0,10115013.0,-14884987.0,-59.539947999999995
virus,75000000.0,30657854.0,-44342146.0,-59.12286133333333
superstar,34000000.0,30636478.0,-3363522.0,-9.892711764705881
the best man,9000000.0,34573780.0,25573780.0,284.1531111111111
dick,13000000.0,6262878.0,-6737122.0,-51.824015384615386
true crime,55000000.0,16649768.0,-38350232.0,-69.72769454545454
forces of nature,75000000.0,93900680.0,18900680.0,25.20090666666667
angela's ashes,50000000.0,13042112.0,-36957888.0,-73.915776
universal soldier: the return,45000000.0,10667893.0,-34332107.0,-76.29357111111112
anna and the king,92000000.0,113996937.0,21996937.0,23.909714130434782
the end of the affair,23000000.0,10827816.0,-12172184.0,-52.922539130434785
"mystery, alaska",28000000.0,8891623.0,-19108377.0,-68.24420357142857
baby geniuses,12000000.0,36450736.0,24450736.0,203.7561333333333
my favorite martian,65000000.0,36850101.0,-28149899.0,-43.307536923076924
anywhere but here,23000000.0,23631929.0,631929.0,2.747517391304348
ride with the devil,38000000.0,635096.0,-37364904.0,-98.32869473684211
200 cigarettes,6000000.0,6852450.0,852450.0,14.207500000000001
edtv,80000000.0,35242897.0,-44757103.0,-55.94637875
random hearts,64000000.0,74608570.0,10608570.0,16.575890625
mickey blue eyes,75000000.0,54264342.0,-20735658.0,-27.647544000000003
fantasia 2000,80000000.0,90874570.0,10874570.0,13.593212499999998
the rage: carrie 2,21000000.0,17762705.0,-3237295.0,-15.415690476190477
the astronaut's wife,75000000.0,19598588.0,-55401412.0,-73.86854933333333
muppets from space,24000000.0,22323612.0,-1676388.0,-6.9849499999999995
eye of the beholder,35000000.0,17589705.0,-17410295.0,-49.743700000000004
the wood,6000000.0,25059640.0,19059640.0,317.66066666666666
flawless,15000000.0,4488529.0,-10511471.0,-70.07647333333334
love stinks,4000000.0,2924635.0,-1075365.0,-26.884124999999997
pushing tin,33000000.0,8408835.0,-24591165.0,-74.51868181818182
the adventures of elmo in grouchland,26000000.0,11683047.0,-14316953.0,-55.06520384615384
in dreams,30000000.0,12017369.0,-17982631.0,-59.94210333333333
instinct,80000000.0,34105207.0,-45894793.0,-57.36849125
dudley do-right,70000000.0,9974410.0,-60025590.0,-85.75084285714286
the deep end of the ocean,38000000.0,28121100.0,-9878900.0,-25.997105263157895
outside providence,7000000.0,7302522.0,302522.0,4.3217428571428576
simply irresistible,6000000.0,4398989.0,-1601011.0,-26.68351666666667
godzilla 2000: millennium,13000000.0,12924063.0,-75937.0,-0.5841307692307692
the story of us,50000000.0,58900031.0,8900031.0,17.800062
pokémon the movie 2000,30000000.0,133949270.0,103949270.0,346.49756666666667
sweet and lowdown,29750000.0,4525794.0,-25224206.0,-84.78724705882354
bats,5250000.0,10155690.0,4905690.0,93.44171428571428
at first sight,60000000.0,22365133.0,-37634867.0,-62.72477833333333
an ideal husband,14000000.0,18542974.0,4542974.0,32.44981428571428
tea with mussolini,12000000.0,14401563.0,2401563.0,20.013025000000003
gloria,30000000.0,4197729.0,-25802271.0,-86.00757
cookie's fortune,10000000.0,10920544.0,920544.0,9.20544
three to tango,20000000.0,10570375.0,-9429625.0,-47.148125
onegin,14000000.0,206128.0,-13793872.0,-98.52765714285714
mumford,28000000.0,4555459.0,-23444541.0,-83.73050357142857
wing commander,30000000.0,11578059.0,-18421941.0,-61.40647
the corruptor,25000000.0,24493601.0,-506399.0,-2.025596
snow falling on cedars,35000000.0,23049593.0,-11950407.0,-34.144020000000005
music of the heart,27000000.0,14936407.0,-12063593.0,-44.679974074074075
the love letter,20000000.0,9177355.0,-10822645.0,-54.113225
the bachelor,51000000.0,36911617.0,-14088383.0,-27.624280392156862
in too deep,7000000.0,14011454.0,7011454.0,100.16362857142857
black & white,12000000.0,5541431.0,-6458569.0,-53.82140833333333
crazy in alabama,15000000.0,2005840.0,-12994160.0,-86.62773333333334
lost & found,30000000.0,6552255.0,-23447745.0,-78.15915
the mod squad,50000000.0,13263993.0,-36736007.0,-73.472014
best laid plans,7000000.0,27816.0,-6972184.0,-99.60262857142858
play it to the bone,24000000.0,8678812.0,-15321188.0,-63.83828333333334
jakob the liar,45000000.0,4956401.0,-40043599.0,-88.98577555555556
cradle will rock,36000000.0,2986932.0,-33013068.0,-91.70296666666667
breakfast of champions,12000000.0,178278.0,-11821722.0,-98.51435
trick,450000.0,2087228.0,1637228.0,363.8284444444445
the loss of sexual innocence,4000000.0,164022.0,-3835978.0,-95.89945
the out-of-towners,75000000.0,28544120.0,-46455880.0,-61.94117333333333
the king and i,25000000.0,11993021.0,-13006979.0,-52.027916
jesus' son,2500000.0,1302067.0,-1197933.0,-47.917320000000004
"happy, texas",2500000.0,1955933.0,-544067.0,-21.76268
almost famous,60000000.0,47386287.0,-12613713.0,-21.022855
american psycho,7000000.0,34266564.0,27266564.0,389.52234285714286
gladiator,103000000.0,465380802.0,362380802.0,351.8260213592233
requiem for a dream,4500000.0,7390108.0,2890108.0,64.22462222222222
memento,9000000.0,40047078.0,31047078.0,344.96753333333334
cast away,90000000.0,429632142.0,339632142.0,377.3690466666667
scary movie,19000000.0,278019771.0,259019771.0,1363.2619526315789
the perfect storm,140000000.0,328718434.0,188718434.0,134.79888142857143
coyote ugly,45000000.0,113916474.0,68916474.0,153.14772000000002
x-men,75000000.0,296339528.0,221339528.0,295.11937066666667
space cowboys,65000000.0,128884132.0,63884132.0,98.28327999999999
the patriot,110000000.0,215294342.0,105294342.0,95.72212909090909
erin brockovich,52000000.0,256271286.0,204271286.0,392.8293961538461
unbreakable,75000000.0,248118121.0,173118121.0,230.82416133333334
charlie's angels,93000000.0,264105545.0,171105545.0,183.9844569892473
road trip,16000000.0,119754278.0,103754278.0,648.4642375
the beach,50000000.0,144056873.0,94056873.0,188.113746
bring it on,11000000.0,90449929.0,79449929.0,722.2720818181818
remember the titans,30000000.0,136771683.0,106771683.0,355.90560999999997
mission: impossible ii,125000000.0,546388108.0,421388108.0,337.1104864
"o brother, where art thou?",26000000.0,71870729.0,45870729.0,176.42588076923076
the 6th day,82000000.0,96085477.0,14085477.0,17.177410975609757
chicken run,45000000.0,224834564.0,179834564.0,399.6323644444444
the cell,33000000.0,104155843.0,71155843.0,215.62376666666668
final destination,23000000.0,112880294.0,89880294.0,390.78388695652177
traffic,48000000.0,207515725.0,159515725.0,332.3244270833333
what lies beneath,100000000.0,291420351.0,191420351.0,191.420351
the emperor's new groove,100000000.0,169661687.0,69661687.0,69.661687
"crouching tiger, hidden dragon",17000000.0,213525736.0,196525736.0,1156.0337411764706
gone in 60 seconds,90000000.0,237202299.0,147202299.0,163.55811
"dude, where's my car?",13000000.0,73180723.0,60180723.0,462.92863846153847
meet the parents,55000000.0,330444045.0,275444045.0,500.80735454545453
pitch black,23000000.0,53187659.0,30187659.0,131.25069130434784
hollow man,95000000.0,190213455.0,95213455.0,100.22468947368421
ginger snaps,5000000.0,2554.0,-4997446.0,-99.94892
miss congeniality,45000000.0,212742720.0,167742720.0,372.7616
high fidelity,30000000.0,47126295.0,17126295.0,57.087650000000004
battlefield earth,73000000.0,29725663.0,-43274337.0,-59.27991369863014
scream 3,40000000.0,161834276.0,121834276.0,304.58569
best in show,10000000.0,20789556.0,10789556.0,107.89556
the whole nine yards,41300000.0,106371651.0,65071651.0,157.5584769975787
chocolat,25000000.0,152699976.0,127699976.0,510.799904
billy elliot,5000000.0,109283018.0,104283018.0,2085.66036
amores perros,2000000.0,20908467.0,18908467.0,945.42335
"me, myself & irene",51000000.0,149270999.0,98270999.0,192.68823333333333
u-571,62000000.0,127666415.0,65666415.0,105.91357258064515
bedazzled,48000000.0,90383208.0,42383208.0,88.29835
the road to el dorado,95000000.0,76432727.0,-18567273.0,-19.544497894736843
dinosaur,127500000.0,349822765.0,222322765.0,174.37079607843137
how the grinch stole christmas,123000000.0,363597184.0,240597184.0,195.60746666666665
dancer in the dark,12800000.0,40059672.0,27259672.0,212.9661875
what women want,70000000.0,374111707.0,304111707.0,434.4452957142857
the gift,10000000.0,44567606.0,34567606.0,345.67606
the family man,60000000.0,124745083.0,64745083.0,107.90847166666666
mission to mars,100000000.0,110983407.0,10983407.0,10.983407
the replacements,50000000.0,50054511.0,54511.0,0.10902200000000001
next friday,11000000.0,59827328.0,48827328.0,443.88480000000004
under suspicion,25000000.0,1308242.0,-23691758.0,-94.767032
little nicky,85000000.0,58292295.0,-26707705.0,-31.420829411764707
boiler room,7000000.0,28780255.0,21780255.0,311.1465
where the heart is,15000000.0,40863718.0,25863718.0,172.42478666666668
frequency,31000000.0,68106245.0,37106245.0,119.69756451612903
men of honor,32000000.0,82343495.0,50343495.0,157.32342187499998
28 days,43000000.0,62198945.0,19198945.0,44.64870930232558
love & basketball,20000000.0,27728118.0,7728118.0,38.64059
shanghai noon,55000000.0,99274467.0,44274467.0,80.4990309090909
the little vampire,35000000.0,27965865.0,-7034135.0,-20.097528571428573
quills,13500000.0,17989227.0,4489227.0,33.25353333333334
pay it forward,40000000.0,55707411.0,15707411.0,39.2685275
vertical limit,75000000.0,215663859.0,140663859.0,187.55181199999998
the flintstones in viva rock vegas,83000000.0,59468275.0,-23531725.0,-28.35147590361446
reindeer games,42000000.0,32168970.0,-9831030.0,-23.407214285714286
dracula 2000,54000000.0,47053625.0,-6946375.0,-12.863657407407409
102 dalmatians,85000000.0,183611771.0,98611771.0,116.01384823529412
red planet,80000000.0,33463969.0,-46536031.0,-58.170038749999996
dungeons & dragons,45000000.0,33978694.0,-11021306.0,-24.491791111111112
get carter,63600000.0,19412993.0,-44187007.0,-69.47642610062893
wonder boys,55000000.0,33426588.0,-21573412.0,-39.224385454545455
shaft,46000000.0,107626125.0,61626125.0,133.96983695652173
finding forrester,43000000.0,80049764.0,37049764.0,86.16224186046512
the legend of bagger vance,80000000.0,39459427.0,-40540573.0,-50.67571625
titan a.e.,75000000.0,36754634.0,-38245366.0,-50.99382133333334
snow day,13000000.0,62464731.0,49464731.0,380.4979307692308
the watcher,30000000.0,47267829.0,17267829.0,57.55943
the skulls,35000000.0,50802120.0,15802120.0,45.148914285714284
romeo must die,25000000.0,91036760.0,66036760.0,264.14704
big momma's house,30000000.0,173959438.0,143959438.0,479.8647933333333
drowning mona,37000000.0,15910104.0,-21089896.0,-56.999718918918916
keeping the faith,29000000.0,59945183.0,30945183.0,106.7075275862069
center stage,29000000.0,26385941.0,-2614059.0,-9.013996551724137
book of shadows: blair witch 2,15000000.0,47737094.0,32737094.0,218.24729333333335
rules of engagement,60000000.0,71732303.0,11732303.0,19.553838333333335
thirteen days,80000000.0,66579890.0,-13420110.0,-16.7751375
you can count on me,1200000.0,11242521.0,10042521.0,836.87675
the kid,65000000.0,110317580.0,45317580.0,69.71935384615384
all the pretty horses,57000000.0,18133495.0,-38866505.0,-68.18685087719298
hanging up,60000000.0,51880044.0,-8119956.0,-13.53326
supernova,90000000.0,14828081.0,-75171919.0,-83.52435444444446
loser,20000000.0,18404706.0,-1595294.0,-7.976469999999999
down to you,11000000.0,24419914.0,13419914.0,121.99921818181818
the way of the gun,8500000.0,13200972.0,4700972.0,55.30555294117647
the adventures of rocky & bullwinkle,76000000.0,35134820.0,-40865180.0,-53.76997368421053
cecil b. demented,10000000.0,1961544.0,-8038456.0,-80.38456000000001
nutty professor ii: the klumps,84000000.0,166339890.0,82339890.0,98.02367857142858
the crimson rivers,14000000.0,60103680.0,46103680.0,329.312
proof of life,65000000.0,62761005.0,-2238995.0,-3.4446076923076925
bamboozled,10000000.0,2463650.0,-7536350.0,-75.3635
shadow of the vampire,8000000.0,11155214.0,3155214.0,39.440174999999996
thomas and the magic railroad,19000000.0,19748009.0,748009.0,3.9368894736842104
tigerland,10000000.0,148701.0,-9851299.0,-98.51299
return to me,24000000.0,36609995.0,12609995.0,52.54164583333333
boys and girls,35000000.0,25850615.0,-9149385.0,-26.1411
whatever it takes,32000000.0,9902115.0,-22097885.0,-69.055890625
chuck & buck,250000.0,1182065.0,932065.0,372.826
autumn in new york,65000000.0,90726668.0,25726668.0,39.579489230769234
pollock,6000000.0,10994533.0,4994533.0,83.24221666666666
the art of war,60000000.0,40400425.0,-19599575.0,-32.665958333333336
left behind: the movie,4000000.0,4224065.0,224065.0,5.601624999999999
psycho beach party,1500000.0,268117.0,-1231883.0,-82.12553333333334
bait,51000000.0,15471969.0,-35528031.0,-69.66280588235294
saving grace,10000000.0,28741330.0,18741330.0,187.4133
hamlet,2000000.0,2046433.0,46433.0,2.32165
the isle,1000000.0,24963.0,-975037.0,-97.50370000000001
highlander: endgame,25000000.0,15843608.0,-9156392.0,-36.625567999999994
dr. t & the women,23000000.0,22844291.0,-155709.0,-0.6769956521739131
the yards,24000000.0,924036.0,-23075964.0,-96.14985
urban legends: final cut,14000000.0,38574362.0,24574362.0,175.53115714285715
woman on top,8000000.0,10194274.0,2194274.0,27.428425
ready to rumble,24000000.0,12452362.0,-11547638.0,-48.11515833333333
the ladies man,24000000.0,13743212.0,-10256788.0,-42.73661666666666
the contender,20000000.0,22428990.0,2428990.0,12.14495
nine queens,1500000.0,12413888.0,10913888.0,727.5925333333333
the broken hearts club: a romantic comedy,1000000.0,2019121.0,1019121.0,101.9121
the in crowd,24000000.0,5280035.0,-18719965.0,-77.99985416666667
girlfight,1000000.0,1666028.0,666028.0,66.6028
gossip,24000000.0,12591270.0,-11408730.0,-47.536375
waking the dead,8500000.0,270745.0,-8229255.0,-96.81476470588235
my dog skip,6000000.0,35547761.0,29547761.0,492.4626833333333
duets,21000000.0,6620242.0,-14379758.0,-68.47503809523809
the weight of water,16000000.0,321279.0,-15678721.0,-97.99200625
lucky numbers,63000000.0,10890222.0,-52109778.0,-82.71393333333333
animal factory,3600000.0,43805.0,-3556195.0,-98.78319444444445
bless the child,65000000.0,40443010.0,-24556990.0,-37.77998461538461
rugrats in paris,30000000.0,103291131.0,73291131.0,244.30377000000001
small time crooks,25000000.0,29934477.0,4934477.0,19.737908
bounce,35000000.0,53425292.0,18425292.0,52.64369142857143
brother,10000000.0,15250594.0,5250594.0,52.505939999999995
nurse betty,35000000.0,29364989.0,-5635011.0,-16.10003142857143
the house of mirth,10000000.0,5164404.0,-4835596.0,-48.355959999999996
beautiful,14000000.0,3169930.0,-10830070.0,-77.35764285714286
here on earth,15000000.0,10873148.0,-4126852.0,-27.512346666666666
the million dollar hotel,8000000.0,105983.0,-7894017.0,-98.6752125
the tigger movie,30000000.0,96159800.0,66159800.0,220.53266666666667
what planet are you from?,60000000.0,14145677.0,-45854323.0,-76.42387166666667
committed,3000000.0,40361.0,-2959639.0,-98.65463333333334
harrison's flowers,8000000.0,3033646.0,-4966354.0,-62.079425
the specials,1000000.0,13276.0,-986724.0,-98.67240000000001
love's labour's lost,13000000.0,299792.0,-12700208.0,-97.69390769230769
lost souls,50000000.0,31355910.0,-18644090.0,-37.28818
the golden bowl,15000000.0,5753678.0,-9246322.0,-61.64214666666666
digimon: the movie,5000000.0,16643191.0,11643191.0,232.86381999999998
the next best thing,25000000.0,24362772.0,-637228.0,-2.548912
gun shy,14000000.0,3284444.0,-10715556.0,-76.53968571428571
harry potter and the sorcerer's stone,125000000.0,1006968171.0,881968171.0,705.5745368
the fast and the furious,38000000.0,207305509.0,169305509.0,445.5408131578947
the lord of the rings: the fellowship of the ring,93000000.0,897690072.0,804690072.0,865.2581419354839
legally blonde,18000000.0,141774679.0,123774679.0,687.6371055555555
mulholland dr.,15000000.0,20263646.0,5263646.0,35.09097333333333
"monsters, inc.",115000000.0,579707738.0,464707738.0,404.0936852173913
spirited away,19000000.0,355475245.0,336475245.0,1770.9223421052632
donnie darko,6000000.0,6981586.0,981586.0,16.359766666666665
not another teen movie,15000000.0,66468985.0,51468985.0,343.12656666666663
scary movie 2,45000000.0,141220678.0,96220678.0,213.8237288888889
ocean's eleven,85000000.0,450717150.0,365717150.0,430.2554705882353
shrek,60000000.0,487853320.0,427853320.0,713.0888666666666
black hawk down,92000000.0,172989651.0,80989651.0,88.03222934782609
a beautiful mind,58000000.0,316791257.0,258791257.0,446.1918224137931
the mummy returns,98000000.0,443280904.0,345280904.0,352.3274530612245
pearl harbor,140000000.0,449220945.0,309220945.0,220.8721035714286
the royal tenenbaums,21000000.0,71444482.0,50444482.0,240.21181904761906
amélie,10000000.0,173997108.0,163997108.0,1639.97108
training day,45000000.0,104876233.0,59876233.0,133.05829555555556
a.i. artificial intelligence,100000000.0,235926552.0,135926552.0,135.926552
ghost world,7000000.0,8764007.0,1764007.0,25.2001
super troopers,3000000.0,23182223.0,20182223.0,672.7407666666667
a knight's tale,65000000.0,117487473.0,52487473.0,80.74995846153847
blow,53000000.0,83282296.0,30282296.0,57.13640754716981
hannibal,87000000.0,351692268.0,264692268.0,304.2439862068965
the princess diaries,26000000.0,165335153.0,139335153.0,535.9044346153846
moulin rouge!,50000000.0,184935320.0,134935320.0,269.87064
vanilla sky,68000000.0,203388341.0,135388341.0,199.10050147058826
thir13en ghosts,42000000.0,68467960.0,26467960.0,63.01895238095238
planet of the apes,100000000.0,362211740.0,262211740.0,262.21174
the others,17000000.0,209947037.0,192947037.0,1134.9825705882354
joe dirt,17700000.0,30987695.0,13287695.0,75.07172316384181
atlantis: the lost empire,120000000.0,186053725.0,66053725.0,55.04477083333333
rat race,48000000.0,85498534.0,37498534.0,78.12194583333333
summer catch,34000000.0,19772447.0,-14227553.0,-41.84574411764706
wet hot american summer,5000000.0,295206.0,-4704794.0,-94.09588
shallow hal,40000000.0,141069860.0,101069860.0,252.67464999999999
zoolander,28000000.0,60780981.0,32780981.0,117.07493214285714
jurassic park iii,93000000.0,368780809.0,275780809.0,296.53850430107525
enemy at the gates,68000000.0,96976270.0,28976270.0,42.61216176470588
gosford park,19800000.0,87754044.0,67954044.0,343.2022424242424
swordfish,102000000.0,147080413.0,45080413.0,44.19648333333333
jeepers creepers,10000000.0,59371303.0,49371303.0,493.71303
hardball,32000000.0,44102389.0,12102389.0,37.819965625
evolution,80000000.0,98376292.0,18376292.0,22.970365
original sin,42000000.0,35402320.0,-6597680.0,-15.708761904761905
monster's ball,4000000.0,45011434.0,41011434.0,1025.28585
spy kids,35000000.0,147934180.0,112934180.0,322.6690857142857
behind enemy lines,40000000.0,91753202.0,51753202.0,129.383005
bridget jones's diary,25000000.0,281995610.0,256995610.0,1027.98244
i am sam,22000000.0,97818139.0,75818139.0,344.62790454545456
the last castle,72000000.0,27642707.0,-44357293.0,-61.60735138888889
spy game,115000000.0,143049560.0,28049560.0,24.390921739130437
lara croft: tomb raider,115000000.0,274703340.0,159703340.0,138.8724695652174
american pie 2,30000000.0,287553595.0,257553595.0,858.5119833333333
frailty,11000000.0,17423030.0,6423030.0,58.39118181818181
along came a spider,60000000.0,105178561.0,45178561.0,75.29760166666667
rush hour 2,90000000.0,347325802.0,257325802.0,285.91755777777774
save the last dance,13000000.0,131706809.0,118706809.0,913.1293
domestic disturbance,75000000.0,54249294.0,-20750706.0,-27.667607999999998
riding in cars with boys,48000000.0,35743308.0,-12256692.0,-25.534775
the animal,47000000.0,85191134.0,38191134.0,81.25773191489361
how high,20000000.0,31283740.0,11283740.0,56.4187
joy ride,23000000.0,36642838.0,13642838.0,59.316686956521735
3000 miles to graceland,62000000.0,18720175.0,-43279825.0,-69.80616935483872
the score,68000000.0,114252154.0,46252154.0,68.01787352941176
jason x,11000000.0,17077882.0,6077882.0,55.25347272727272
jay and silent bob strike back,22000000.0,33788161.0,11788161.0,53.58255
the mexican,57000000.0,147845033.0,90845033.0,159.37725087719298
from hell,35000000.0,74558115.0,39558115.0,113.02318571428572
crocodile dundee in los angeles,21150000.0,39438674.0,18288674.0,86.4712718676123
heist,39000000.0,28510652.0,-10489348.0,-26.8957641025641
serendipity,28000000.0,77516304.0,49516304.0,176.84394285714288
brotherhood of the wolf,29000000.0,70752904.0,41752904.0,143.97553103448274
the pledge,35000000.0,29419291.0,-5580709.0,-15.944882857142856
american outlaws,35000000.0,13678913.0,-21321087.0,-60.917391428571435
ghosts of mars,28000000.0,14010832.0,-13989168.0,-49.96131428571429
the man who wasn't there,20000000.0,18916623.0,-1083377.0,-5.416885
rock star,57000000.0,19334145.0,-37665855.0,-66.08044736842106
osmosis jones,70000000.0,14026418.0,-55973582.0,-79.96226
saving silverman,22000000.0,26086706.0,4086706.0,18.575936363636362
the glass house,30000000.0,23619609.0,-6380391.0,-21.26797
the wedding planner,35000000.0,94728529.0,59728529.0,170.65294
heartbreakers,35000000.0,57756408.0,22756408.0,65.01830857142858
session 9,1500000.0,1612259.0,112259.0,7.483933333333333
out cold,24000000.0,14782676.0,-9217324.0,-38.405516666666664
hedwig and the angry inch,6000000.0,3645107.0,-2354893.0,-39.24821666666667
baby boy,16000000.0,29381649.0,13381649.0,83.63530625
k-pax,68000000.0,65001485.0,-2998515.0,-4.409580882352941
freddy got fingered,14000000.0,14343028.0,343028.0,2.4502
sweet november,40000000.0,65754228.0,25754228.0,64.38557
kate & leopold,48000000.0,76019048.0,28019048.0,58.373016666666665
don't say a word,50000000.0,100020092.0,50020092.0,100.04018400000001
ali,107000000.0,87812729.0,-19187271.0,-17.932028971962616
life as a house,27000000.0,23903791.0,-3096209.0,-11.46744074074074
ichi the killer,1400000.0,80631.0,-1319369.0,-94.24064285714286
tomcats,11000000.0,23430766.0,12430766.0,113.00696363636365
bandits,75000000.0,67631903.0,-7368097.0,-9.824129333333333
monkeybone,75000000.0,7622365.0,-67377635.0,-89.83684666666667
in the bedroom,1700000.0,44763181.0,43063181.0,2533.1282941176473
pootie tang,7000000.0,3313583.0,-3686417.0,-52.66309999999999
bubble boy,13000000.0,5007898.0,-7992102.0,-61.47770769230769
josie and the pussycats,39000000.0,14866015.0,-24133985.0,-61.88201282051282
the devil's backbone,4500000.0,6582065.0,2082065.0,46.26811111111111
shaolin soccer,10000000.0,42776760.0,32776760.0,327.7676
jimmy neutron: boy genius,30000000.0,102992536.0,72992536.0,243.30845333333335
driven,94000000.0,54744738.0,-39255262.0,-41.7609170212766
get over it,22000000.0,19900366.0,-2099634.0,-9.543790909090909
exit wounds,50000000.0,79958599.0,29958599.0,59.917198000000006
the majestic,72000000.0,37317673.0,-34682327.0,-48.16989861111111
valentine,29000000.0,36684136.0,7684136.0,26.49702068965517
final fantasy: the spirits within,137000000.0,85131830.0,-51868170.0,-37.85997810218978
the one,49000000.0,74005691.0,25005691.0,51.032022448979596
sugar & spice,27000000.0,16923761.0,-10076239.0,-37.3194037037037
cats & dogs,60000000.0,200687492.0,140687492.0,234.47915333333333
hearts in atlantis,31000000.0,30919415.0,-80585.0,-0.2599516129032258
america's sweethearts,46000000.0,138307673.0,92307673.0,200.6688543478261
kiss of the dragon,25000000.0,64437847.0,39437847.0,157.751388
captain corelli's mandolin,57000000.0,62112895.0,5112895.0,8.969991228070176
the believer,1500000.0,1309316.0,-190684.0,-12.712266666666666
someone like you,23000000.0,38689940.0,15689940.0,68.21713043478262
the tailor of panama,21000000.0,28008462.0,7008462.0,33.37362857142857
formula 51,27000000.0,12881605.0,-14118395.0,-52.29035185185186
15 minutes,60000000.0,56359980.0,-3640020.0,-6.0667
iris,5500000.0,16153953.0,10653953.0,193.70823636363636
crazy/beautiful,13000000.0,19937988.0,6937988.0,53.369138461538455
angel eyes,53000000.0,29715606.0,-23284394.0,-43.932818867924524
kabhi khushi kabhie gham...,7500000.0,11334547.0,3834547.0,51.127293333333334
buffalo soldiers,15000000.0,2300684.0,-12699316.0,-84.66210666666667
the musketeer,40000000.0,32533802.0,-7466198.0,-18.665495
o,5000000.0,19260537.0,14260537.0,285.21074
birthday girl,13000000.0,16171098.0,3171098.0,24.393061538461538
made,5000000.0,5480653.0,480653.0,9.613059999999999
one night at mccool's,18000000.0,13578186.0,-4421814.0,-24.565633333333334
dr. dolittle 2,70000000.0,176104344.0,106104344.0,151.57763428571428
max keeble's big move,25000000.0,18634654.0,-6365346.0,-25.461384
soul survivors,17000000.0,4299141.0,-12700859.0,-74.71093529411765
black knight,50000000.0,39976235.0,-10023765.0,-20.04753
the shipping news,38000000.0,24690441.0,-13309559.0,-35.02515526315789
the deep end,3000000.0,10031529.0,7031529.0,234.38430000000002
kissing jessica stein,1000000.0,10013424.0,9013424.0,901.3424
antitrust,30000000.0,18195610.0,-11804390.0,-39.347966666666665
just visiting,35000000.0,16176732.0,-18823268.0,-53.780765714285714
l.i.e.,700000.0,1846059.0,1146059.0,163.7227142857143
the wash,7000000.0,10229331.0,3229331.0,46.1333
bones,16000000.0,8378853.0,-7621147.0,-47.63216875
say it isn't so,25000000.0,12320393.0,-12679607.0,-50.718428
texas rangers,38000000.0,763740.0,-37236260.0,-97.99015789473684
what's the worst that could happen?,60000000.0,38464131.0,-21535869.0,-35.893114999999995
head over heels,14000000.0,13127022.0,-872978.0,-6.235557142857143
glitter,22000000.0,5271666.0,-16728334.0,-76.03788181818182
down to earth,49000000.0,71186502.0,22186502.0,45.278575510204085
tape,100000.0,515900.0,415900.0,415.9
see spot run,35000000.0,43057552.0,8057552.0,23.021577142857144
two can play that game,13000000.0,22391450.0,9391450.0,72.24192307692307
impostor,30000000.0,8694320.0,-21305680.0,-71.01893333333334
metropolis,15000000.0,4035192.0,-10964808.0,-73.09872
the affair of the necklace,30000000.0,1198113.0,-28801887.0,-96.00629
lovely & amazing,250000.0,4677852.0,4427852.0,1771.1408
corky romano,11000000.0,25272752.0,14272752.0,129.7522909090909
recess: school's out,23000000.0,44460850.0,21460850.0,93.30804347826087
the other side of heaven,7000000.0,4760014.0,-2239986.0,-31.9998
the grey zone,5000000.0,621592.0,-4378408.0,-87.56815999999999
novocaine,8000000.0,2534372.0,-5465628.0,-68.32034999999999
charlotte gray,20000000.0,5323109.0,-14676891.0,-73.384455
the curse of the jade scorpion,33000000.0,18914307.0,-14085693.0,-42.68391818181818
spider-man,139000000.0,825025036.0,686025036.0,493.54319136690646
the sum of all fears,68000000.0,193921372.0,125921372.0,185.17848823529414
8 mile,41000000.0,242875078.0,201875078.0,492.3782390243902
the pianist,35000000.0,120072577.0,85072577.0,243.06450571428573
harry potter and the chamber of secrets,100000000.0,879602366.0,779602366.0,779.6023660000001
the lord of the rings: the two towers,94000000.0,947495095.0,853495095.0,907.973505319149
road to perdition,80000000.0,181001478.0,101001478.0,126.2518475
resident evil,33000000.0,102984862.0,69984862.0,212.0753393939394
catch me if you can,52000000.0,352114312.0,300114312.0,577.1429076923077
28 days later...,8000000.0,85720385.0,77720385.0,971.5048125
the ring,48000000.0,249348933.0,201348933.0,419.47694375
signs,72000000.0,408247917.0,336247917.0,467.01099583333337
the bourne identity,60000000.0,214034224.0,154034224.0,256.72370666666666
star wars: episode ii - attack of the clones,115000000.0,653779970.0,538779970.0,468.50432173913043
secretary,4000000.0,9304609.0,5304609.0,132.615225
scooby-doo,84000000.0,275650703.0,191650703.0,228.1555988095238
reign of fire,60000000.0,82150183.0,22150183.0,36.91697166666666
minority report,102000000.0,358372926.0,256372926.0,251.34600588235293
austin powers in goldmember,63000000.0,296938801.0,233938801.0,371.3314301587302
red dragon,78000000.0,209196298.0,131196298.0,168.20038205128205
gangs of new york,100000000.0,193772504.0,93772504.0,93.772504
the importance of being earnest,15000000.0,18009625.0,3009625.0,20.064166666666665
sweet home alabama,30000000.0,180622424.0,150622424.0,502.0747466666666
the count of monte cristo,35000000.0,75395048.0,40395048.0,115.41442285714285
adaptation.,19000000.0,32801173.0,13801173.0,72.63775263157895
unfaithful,50000000.0,119137784.0,69137784.0,138.275568
ice age,59000000.0,383257136.0,324257136.0,549.5883661016949
panic room,48000000.0,197079546.0,149079546.0,310.5823875
insomnia,46000000.0,113758770.0,67758770.0,147.3016739130435
men in black ii,140000000.0,445135288.0,305135288.0,217.95377714285715
lilo & stitch,80000000.0,273144151.0,193144151.0,241.43018875
chicago,45000000.0,306776732.0,261776732.0,581.7260711111112
a walk to remember,11800000.0,47494916.0,35694916.0,302.49928813559325
treasure planet,140000000.0,110041363.0,-29958637.0,-21.39902642857143
my big fat greek wedding,5000000.0,368744044.0,363744044.0,7274.880880000001
we were soldiers,75000000.0,115374915.0,40374915.0,53.833220000000004
the sweetest thing,43000000.0,69319426.0,26319426.0,61.20796744186047
xxx,70000000.0,277448382.0,207448382.0,296.3548314285714
equilibrium,20000000.0,5368217.0,-14631783.0,-73.15891500000001
the scorpion king,60000000.0,180630907.0,120630907.0,201.05151166666667
punch-drunk love,25000000.0,24675714.0,-324286.0,-1.297144
die another day,142000000.0,431971116.0,289971116.0,204.2050112676056
the time machine,80000000.0,123729176.0,43729176.0,54.66147
the transporter,21000000.0,43928932.0,22928932.0,109.18539047619046
blue crush,25000000.0,51843679.0,26843679.0,107.37471599999999
ghost ship,20000000.0,68349884.0,48349884.0,241.74942000000001
van wilder,5000000.0,38275483.0,33275483.0,665.50966
maid in manhattan,55000000.0,154906693.0,99906693.0,181.64853272727274
spirit: stallion of the cimarron,80000000.0,122563539.0,42563539.0,53.20442375
blade ii,54000000.0,155010032.0,101010032.0,187.05561481481482
frida,12000000.0,56298474.0,44298474.0,369.15395
phone booth,13000000.0,97837138.0,84837138.0,652.5933692307692
about a boy,30000000.0,130549455.0,100549455.0,335.16485
confessions of a dangerous mind,30000000.0,33013805.0,3013805.0,10.046016666666667
kung pow: enter the fist,10000000.0,16994625.0,6994625.0,69.94624999999999
hero,31000000.0,177395557.0,146395557.0,472.2437322580645
star trek: nemesis,60000000.0,67336470.0,7336470.0,12.22745
eight legged freaks,30000000.0,45867333.0,15867333.0,52.89111
queen of the damned,35000000.0,45479110.0,10479110.0,29.940314285714287
femme fatale,35000000.0,16838910.0,-18161090.0,-51.88882857142857
the hours,25000000.0,108846072.0,83846072.0,335.384288
40 days and 40 nights,17000000.0,95146283.0,78146283.0,459.68401764705885
one hour photo,12000000.0,52223306.0,40223306.0,335.19421666666665
cabin fever,1500000.0,30553394.0,29053394.0,1936.8929333333333
the new guy,13000000.0,31167388.0,18167388.0,139.74913846153848
orange county,18000000.0,43325009.0,25325009.0,140.69449444444444
mr. deeds,50000000.0,171269535.0,121269535.0,242.53906999999998
john q,36000000.0,102244770.0,66244770.0,184.01325
crossroads,12000000.0,61141030.0,49141030.0,409.5085833333333
25th hour,5000000.0,23932055.0,18932055.0,378.6411
infernal affairs,6428966.0,8836958.0,2407992.0,37.45535440691396
solaris,47000000.0,30002758.0,-16997242.0,-36.164344680851066
like mike,30000000.0,62274780.0,32274780.0,107.5826
the rules of attraction,4000000.0,11832822.0,7832822.0,195.82055
i spy,70000000.0,51386477.0,-18613523.0,-26.59074714285714
the mothman prophecies,32000000.0,55305279.0,23305279.0,72.828996875
antwone fisher,12500000.0,23367586.0,10867586.0,86.940688
the good girl,8000000.0,16860964.0,8860964.0,110.76204999999999
spun,2000000.0,685608.0,-1314392.0,-65.7196
sympathy for mr. vengeance,4000000.0,2046061.0,-1953939.0,-48.848475
enough,38000000.0,51806184.0,13806184.0,36.33206315789474
high crimes,42000000.0,63781810.0,21781810.0,51.86145238095238
two weeks notice,60000000.0,199043471.0,139043471.0,231.73911833333332
death to smoochy,50000000.0,8382938.0,-41617062.0,-83.234124
the four feathers,35000000.0,29882645.0,-5117355.0,-14.621014285714285
better luck tomorrow,250000.0,3809226.0,3559226.0,1423.6904
big fat liar,15000000.0,52970014.0,37970014.0,253.13342666666668
about schmidt,30000000.0,105834556.0,75834556.0,252.78185333333334
the master of disguise,16000000.0,43411001.0,27411001.0,171.31875624999998
drumline,20000000.0,57588485.0,37588485.0,187.94242500000001
halloween: resurrection,13000000.0,37664855.0,24664855.0,189.72965384615387
windtalkers,115000000.0,77628265.0,-37371735.0,-32.497160869565214
friday after next,10000000.0,33526835.0,23526835.0,235.26835
eye see you,55000000.0,6632383.0,-48367617.0,-87.94112181818183
undercover brother,25000000.0,41604473.0,16604473.0,66.417892
spy kids 2: island of lost dreams,38000000.0,119723358.0,81723358.0,215.06146842105264
tuck everlasting,15000000.0,19344615.0,4344615.0,28.9641
the rookie,22000000.0,80693537.0,58693537.0,266.7888045454545
murder by numbers,50000000.0,56714147.0,6714147.0,13.428294
hart's war,70000000.0,32287044.0,-37712956.0,-53.87565142857142
swept away,10000000.0,1036520.0,-8963480.0,-89.6348
may,500000.0,264349.0,-235651.0,-47.1302
dragonfly,60000000.0,52323400.0,-7676600.0,-12.794333333333332
juwanna mann,15600000.0,13802599.0,-1797401.0,-11.521801282051282
divine secrets of the ya-ya sisterhood,27000000.0,73839240.0,46839240.0,173.47866666666667
dirty pretty things,10000000.0,13904766.0,3904766.0,39.04766
the tuxedo,60000000.0,104391623.0,44391623.0,73.98603833333334
swimfan,10000000.0,34411240.0,24411240.0,244.11239999999998
serving sara,29000000.0,20146150.0,-8853850.0,-30.53051724137931
k-19: the widowmaker,100000000.0,65716126.0,-34283874.0,-34.283874
stuart little 2,120000000.0,169956806.0,49956806.0,41.63067166666667
igby goes down,9000000.0,6919198.0,-2080802.0,-23.12002222222222
rollerball,70000000.0,25852764.0,-44147236.0,-63.067479999999996
changing lanes,45000000.0,94935764.0,49935764.0,110.96836444444445
white oleander,16000000.0,21672284.0,5672284.0,35.451775000000005
below,40000000.0,2622015.0,-37377985.0,-93.44496249999999
big trouble,40000000.0,8493890.0,-31506110.0,-78.765275
far from heaven,13500000.0,29027914.0,15527914.0,115.02158518518519
bubba ho-tep,1000000.0,1239183.0,239183.0,23.918300000000002
s1m0ne,10000000.0,19576023.0,9576023.0,95.76023
auto focus,7000000.0,2704951.0,-4295049.0,-61.357842857142856
blood work,50000000.0,31794718.0,-18205282.0,-36.410564
collateral damage,85000000.0,78382433.0,-6617567.0,-7.78537294117647
undisputed,20000000.0,14946150.0,-5053850.0,-25.26925
the salton sea,18000000.0,1073198.0,-16926802.0,-94.03778888888888
ju-on: the grudge,3500000.0,3657876.0,157876.0,4.510742857142857
barbershop,12000000.0,77063924.0,65063924.0,542.1993666666666
whale rider,3500000.0,41062976.0,37562976.0,1073.2278857142858
rabbit-proof fence,6000000.0,16217411.0,10217411.0,170.29018333333332
trapped,30000000.0,13414416.0,-16585584.0,-55.28528
narc,6500000.0,12633747.0,6133747.0,94.36533846153846
dark blue,15000000.0,12150301.0,-2849699.0,-18.997993333333334
dahmer,250000.0,144008.0,-105992.0,-42.3968
boat trip,20000000.0,15020293.0,-4979707.0,-24.898535
nicholas nickleby,10000000.0,3651462.0,-6348538.0,-63.48538
bad company,70000000.0,66200782.0,-3799218.0,-5.427454285714286
spider,10000000.0,5808941.0,-4191059.0,-41.91059
snow dogs,33000000.0,115035090.0,82035090.0,248.5911818181818
the quiet american,30000000.0,27674124.0,-2325876.0,-7.7529200000000005
the santa clause 2,65000000.0,172855065.0,107855065.0,165.93086923076922
slackers,14000000.0,6413915.0,-7586085.0,-54.186321428571425
sorority boys,12000000.0,12517488.0,517488.0,4.3124
the country bears,35000000.0,18012097.0,-16987903.0,-48.53686571428572
all about the benjamins,15000000.0,26306533.0,11306533.0,75.37688666666666
abandon,25000000.0,12302219.0,-12697781.0,-50.791123999999996
gerry,3500000.0,254683.0,-3245317.0,-92.72334285714285
clockstoppers,26000000.0,38793283.0,12793283.0,49.204934615384616
peter pan 2: return to never land,20000000.0,115121981.0,95121981.0,475.609905
poolhall junkies,4000000.0,563711.0,-3436289.0,-85.907225
feardotcom,40000000.0,18902015.0,-21097985.0,-52.7449625
no good deed,12000000.0,1440653.0,-10559347.0,-87.99455833333333
darkness,10600000.0,33988736.0,23388736.0,220.6484528301887
analyze that,60000000.0,55003135.0,-4996865.0,-8.328108333333335
the banger sisters,10000000.0,38068353.0,28068353.0,280.68353
the wild thornberrys,25000000.0,60694737.0,35694737.0,142.77894799999999
the adventures of pluto nash,100000000.0,7103973.0,-92896027.0,-92.896027
eight crazy nights,34000000.0,23833131.0,-10166869.0,-29.902555882352942
full frontal,2000000.0,3438804.0,1438804.0,71.9402
moonlight mile,21000000.0,10011050.0,-10988950.0,-52.32833333333333
half past dead,13000000.0,19233280.0,6233280.0,47.948307692307694
life or something like it,40000000.0,16872671.0,-23127329.0,-57.818322499999994
showtime,85000000.0,77885672.0,-7114328.0,-8.369797647058823
ted bundy,1200000.0,68716.0,-1131284.0,-94.27366666666667
ballistic: ecks vs. sever,70000000.0,20154899.0,-49845101.0,-71.20728714285714
brown sugar,8000000.0,28316451.0,20316451.0,253.95563750000002
deuces wild,10000000.0,6282446.0,-3717554.0,-37.17554
the emperor's club,12500000.0,16318449.0,3818449.0,30.547592
all or nothing,9000000.0,2845696.0,-6154304.0,-68.38115555555555
real women have curves,3000000.0,7777790.0,4777790.0,159.25966666666667
the crocodile hunter: collision course,12000000.0,33082548.0,21082548.0,175.6879
possession,25000000.0,14815898.0,-10184102.0,-40.736408000000004
city by the sea,40000000.0,29676703.0,-10323297.0,-25.8082425
heaven,11000000.0,4247089.0,-6752911.0,-61.390100000000004
kill bill: vol. 1,30000000.0,180906076.0,150906076.0,503.0202533333333
pirates of the caribbean: the curse of the black pearl,140000000.0,654264015.0,514264015.0,367.3314392857143
the lord of the rings: the return of the king,94000000.0,1146030912.0,1052030912.0,1119.1818212765957
old school,24000000.0,87135520.0,63135520.0,263.06466666666665
mystic river,25000000.0,156595191.0,131595191.0,526.380764
love actually,40000000.0,245203167.0,205203167.0,513.0079175
the life of david gale,38000000.0,38955598.0,955598.0,2.5147315789473685
2 fast 2 furious,76000000.0,236350661.0,160350661.0,210.98771184210526
underworld,22000000.0,95708457.0,73708457.0,335.0384409090909
oldboy,3000000.0,15189934.0,12189934.0,406.3311333333333
lost in translation,4000000.0,118686937.0,114686937.0,2867.173425
looney tunes: back in action,80000000.0,68514844.0,-11485156.0,-14.356445
big fish,70000000.0,123218424.0,53218424.0,76.02632
the matrix reloaded,150000000.0,741847937.0,591847937.0,394.56529133333333
the dreamers,15000000.0,24152155.0,9152155.0,61.01436666666666
memories of murder,2800000.0,1162593.0,-1637407.0,-58.47882142857143
finding nemo,94000000.0,940352645.0,846352645.0,900.3751542553191
hulk,137000000.0,245285165.0,108285165.0,79.04026642335766
school of rock,35000000.0,131095990.0,96095990.0,274.55997142857143
thirteen,2000000.0,10128960.0,8128960.0,406.448
wrong turn,12600000.0,28650575.0,16050575.0,127.38551587301588
the italian job,60000000.0,176070171.0,116070171.0,193.450285
terminator 3: rise of the machines,200000000.0,433371112.0,233371112.0,116.68555599999999
peter pan,100000000.0,121975011.0,21975011.0,21.975011
monster,8000000.0,58469210.0,50469210.0,630.8651249999999
the matrix revolutions,150000000.0,427344325.0,277344325.0,184.89621666666667
daredevil,78000000.0,179179718.0,101179718.0,129.71758717948717
master and commander: the far side of the world,150000000.0,211622535.0,61622535.0,41.08169
the missing,60000000.0,38364277.0,-21635723.0,-36.059538333333336
the room,6000000.0,4988181.0,-1011819.0,-16.86365
the texas chainsaw massacre,9500000.0,107363905.0,97863905.0,1030.1463684210526
s.w.a.t.,80000000.0,207725639.0,127725639.0,159.65704875
the last samurai,140000000.0,454627263.0,314627263.0,224.73375928571429
holes,20000000.0,71406573.0,51406573.0,257.032865
timeline,80000000.0,43935763.0,-36064237.0,-45.08029625
x2: x-men united,110000000.0,407711549.0,297711549.0,270.6468627272727
the rundown,85000000.0,80981914.0,-4018086.0,-4.72716
house of 1000 corpses,7000000.0,16829545.0,9829545.0,140.42207142857143
identity,28000000.0,90259536.0,62259536.0,222.35548571428572
once upon a time in mexico,29000000.0,98769390.0,69769390.0,240.58410344827587
cold mountain,79000000.0,173013509.0,94013509.0,119.0044417721519
cheaper by the dozen,40000000.0,190538630.0,150538630.0,376.346575
in the cut,12000000.0,23726793.0,11726793.0,97.723275
secondhand lions,30000000.0,48260279.0,18260279.0,60.86759666666667
scary movie 3,48000000.0,220673217.0,172673217.0,359.73586875
how to lose a guy in 10 days,50000000.0,177502387.0,127502387.0,255.004774
the league of extraordinary gentlemen,78000000.0,179265204.0,101265204.0,129.8271846153846
what a girl wants,25000000.0,50732139.0,25732139.0,102.92855599999999
bad boys ii,130000000.0,273339556.0,143339556.0,110.26119692307692
open range,22000000.0,68296293.0,46296293.0,210.43769545454546
mona lisa smile,65000000.0,141337989.0,76337989.0,117.44306
freddy vs. jason,30000000.0,116632628.0,86632628.0,288.77542666666665
bruce almighty,81000000.0,484592874.0,403592874.0,498.2628074074074
dogville,10000000.0,16689283.0,6689283.0,66.89283
elf,33000000.0,223853736.0,190853736.0,578.3446545454545
freaky friday,20000000.0,160846332.0,140846332.0,704.23166
charlie's angels: full throttle,120000000.0,259175788.0,139175788.0,115.97982333333334
legally blonde 2,45000000.0,124914842.0,79914842.0,177.5885377777778
dickie roberts: former child star,17000000.0,23769505.0,6769505.0,39.820617647058825
anger management,75000000.0,195745823.0,120745823.0,160.9944306666667
open water,500000.0,54683487.0,54183487.0,10836.6974
something's gotta give,80000000.0,265328738.0,185328738.0,231.6609225
girl with a pearl earring,12000000.0,33030115.0,21030115.0,175.25095833333333
the cat in the hat,109000000.0,133960541.0,24960541.0,22.899578899082567
brother bear,128000000.0,250397798.0,122397798.0,95.6232796875
the brown bunny,10000000.0,402599.0,-9597401.0,-95.97400999999999
tears of the sun,75000000.0,86468162.0,11468162.0,15.290882666666667
final destination 2,26000000.0,90941129.0,64941129.0,249.7735730769231
21 grams,20000000.0,60427839.0,40427839.0,202.139195
intolerable cruelty,60000000.0,120801243.0,60801243.0,101.335405
johnny english,40000000.0,160466000.0,120466000.0,301.165
the hunted,55000000.0,46061847.0,-8938153.0,-16.25118727272727
matchstick men,62000000.0,65565672.0,3565672.0,5.751083870967742
under the tuscan sun,18000000.0,58878723.0,40878723.0,227.1040166666667
seabiscuit,87000000.0,148336445.0,61336445.0,70.50166091954023
american wedding,55000000.0,232722935.0,177722935.0,323.1326090909091
just married,18000000.0,101564935.0,83564935.0,464.24963888888885
lara croft tomb raider: the cradle of life,95000000.0,160099222.0,65099222.0,68.52549684210526
elephant,3000000.0,10012022.0,7012022.0,233.73406666666665
darkness falls,11000000.0,47488536.0,36488536.0,331.71396363636364
spy kids 3-d: game over,38000000.0,197101678.0,159101678.0,418.6886263157895
gigli,54000000.0,7266209.0,-46733791.0,-86.54405740740741
out of time,50000000.0,55495563.0,5495563.0,10.991126
the core,60000000.0,73498611.0,13498611.0,22.497685
dumb and dumberer: when harry met lloyd,19000000.0,39267515.0,20267515.0,106.67113157894737
runaway jury,60000000.0,80154140.0,20154140.0,33.59023333333334
jeepers creepers 2,17000000.0,63102666.0,46102666.0,271.1921529411765
shanghai knights,50000000.0,88323487.0,38323487.0,76.646974
dreamcatcher,68000000.0,81240406.0,13240406.0,19.471185294117646
daddy day care,60000000.0,164433867.0,104433867.0,174.056445
paycheck,60000000.0,117248958.0,57248958.0,95.41493
duplex,40000000.0,19322135.0,-20677865.0,-51.6946625
honey,18000000.0,62228395.0,44228395.0,245.71330555555556
wonderland,5000000.0,2466444.0,-2533556.0,-50.67112
the haunted mansion,90000000.0,182290266.0,92290266.0,102.54474
sinbad: legend of the seven seas,60000000.0,80773077.0,20773077.0,34.621795
house of the dead,12000000.0,13818181.0,1818181.0,15.151508333333332
gods and generals,56000000.0,12923936.0,-43076064.0,-76.92154285714285
house of sand and fog,16500000.0,16763804.0,263804.0,1.5988121212121211
a man apart,36000000.0,44350926.0,8350926.0,23.197016666666666
the station agent,500000.0,8701337.0,8201337.0,1640.2674000000002
basic,50000000.0,42792561.0,-7207439.0,-14.414878
the human stain,30000000.0,22954068.0,-7045932.0,-23.48644
grind,6000000.0,5141166.0,-858834.0,-14.313899999999999
gothika,40000000.0,141591324.0,101591324.0,253.97831000000002
agent cody banks,28000000.0,58795814.0,30795814.0,109.98505
bad santa,23000000.0,76490720.0,53490720.0,232.56834782608698
shattered glass,6000000.0,2944752.0,-3055248.0,-50.9208
the lizzie mcguire movie,17000000.0,55534455.0,38534455.0,226.67326470588236
the cooler,3200000.0,10464788.0,7264788.0,227.02462500000001
cradle 2 the grave,25000000.0,56489558.0,31489558.0,125.95823200000001
uptown girls,20000000.0,44617342.0,24617342.0,123.08671
calendar girls,10000000.0,93400759.0,83400759.0,834.00759
view from the top,30000000.0,19526014.0,-10473986.0,-34.913286666666664
malibu's most wanted,15000000.0,34622504.0,19622504.0,130.81669333333332
kangaroo jack,60000000.0,88929111.0,28929111.0,48.215185
radio,35000000.0,53293628.0,18293628.0,52.267508571428564
the recruit,46000000.0,101191884.0,55191884.0,119.98235652173912
young adam,6400000.0,2561820.0,-3838180.0,-59.9715625
hollywood homicide,75000000.0,51142659.0,-23857341.0,-31.809788
the triplets of belleville,9500000.0,14776760.0,5276760.0,55.54484210526316
stuck on you,55000000.0,65784503.0,10784503.0,19.608187272727275
bulletproof monk,52000000.0,37713879.0,-14286121.0,-27.47330961538462
down with love,35000000.0,39468111.0,4468111.0,12.766031428571429
biker boyz,24000000.0,23510621.0,-489379.0,-2.0390791666666668
the medallion,41000000.0,34268701.0,-6731299.0,-16.41780243902439
the shape of things,4000000.0,826617.0,-3173383.0,-79.334575
party monster,5000000.0,782606.0,-4217394.0,-84.34788
bringing down the house,33000000.0,164729679.0,131729679.0,399.1808454545454
willard,20000000.0,8564586.0,-11435414.0,-57.17706999999999
the in-laws,40000000.0,26891849.0,-13108151.0,-32.770377499999995
confidence,15000000.0,23014206.0,8014206.0,53.428039999999996
latter days,850000.0,865028.0,15028.0,1.7680000000000002
beyond borders,35000000.0,11705002.0,-23294998.0,-66.55713714285714
the fighting temptations,30000000.0,33972062.0,3972062.0,13.240206666666667
anything else,18000000.0,13585075.0,-4414925.0,-24.527361111111112
i capture the castle,8000000.0,6586341.0,-1413659.0,-17.6707375
the jungle book 2,20000000.0,186303759.0,166303759.0,831.5187950000001
my boss's daughter,14000000.0,18191005.0,4191005.0,29.93575
a guy thing,20000000.0,17432163.0,-2567837.0,-12.839185
intermission,5000000.0,5175215.0,175215.0,3.5042999999999997
all the real girls,2500000.0,579986.0,-1920014.0,-76.80055999999999
from justin to kelly,12000000.0,4928883.0,-7071117.0,-58.925974999999994
owning mahowny,10000000.0,1271244.0,-8728756.0,-87.28756
head of state,35200000.0,38620484.0,3420484.0,9.717284090909091
the singing detective,8000000.0,435625.0,-7564375.0,-94.5546875
pieces of april,300000.0,3282321.0,2982321.0,994.107
code 46,7500000.0,886018.0,-6613982.0,-88.18642666666666
the order,38000000.0,11560806.0,-26439194.0,-69.57682631578948
veronica guerin,17000000.0,9439660.0,-7560340.0,-44.47258823529412
shade,10000000.0,459098.0,-9540902.0,-95.40902
the mother,2500000.0,3039587.0,539587.0,21.583479999999998
rugrats go wild,25000000.0,55250496.0,30250496.0,121.001984
luther,30000000.0,29632684.0,-367316.0,-1.2243866666666667
saints and soldiers,780000.0,1310470.0,530470.0,68.00897435897436
taxi 3,1300000.0,65497208.0,64197208.0,4938.246769230769
the company,15000000.0,6415017.0,-8584983.0,-57.233219999999996
good boy,18000000.0,45490616.0,27490616.0,152.72564444444444
how to deal,16000000.0,14390329.0,-1609671.0,-10.060443750000001
the girl next door,25000000.0,30381722.0,5381722.0,21.526888
eurotrip,25000000.0,22605153.0,-2394847.0,-9.579388
dodgeball: a true underdog story,20000000.0,168423227.0,148423227.0,742.116135
white chicks,37000000.0,113100873.0,76100873.0,205.67803513513513
mean girls,17000000.0,130126277.0,113126277.0,665.4486882352942
harry potter and the prisoner of azkaban,130000000.0,797361618.0,667361618.0,513.3550907692307
troy,175000000.0,497409852.0,322409852.0,184.23420114285713
eternal sunshine of the spotless mind,20000000.0,74036715.0,54036715.0,270.18357499999996
kill bill: vol. 2,30000000.0,154118820.0,124118820.0,413.7294
the notebook,29000000.0,117815157.0,88815157.0,306.2591620689655
the terminal,60000000.0,219100084.0,159100084.0,265.1668066666667
van helsing,160000000.0,300157638.0,140157638.0,87.59852375
the incredibles,92000000.0,631607053.0,539607053.0,586.5294054347826
saw,1200000.0,103911669.0,102711669.0,8559.30575
collateral,65000000.0,220239925.0,155239925.0,238.83065384615384
the aviator,110000000.0,213719942.0,103719942.0,94.29085636363637
spider-man 2,200000000.0,788976453.0,588976453.0,294.4882265
the punisher,33000000.0,54700105.0,21700105.0,65.75789393939394
"i, robot",120000000.0,353133898.0,233133898.0,194.27824833333332
howl's moving castle,24000000.0,236214446.0,212214446.0,884.2268583333332
spanglish,80000000.0,55470154.0,-24529846.0,-30.6623075
million dollar baby,30000000.0,216763646.0,186763646.0,622.5454866666666
the village,60000000.0,256697520.0,196697520.0,327.8292
the butterfly effect,13000000.0,96822421.0,83822421.0,644.7878538461539
the day after tomorrow,125000000.0,552639571.0,427639571.0,342.1116568
napoleon dynamite,400000.0,46138887.0,45738887.0,11434.72175
50 first dates,75000000.0,198520934.0,123520934.0,164.69457866666664
man on fire,70000000.0,130834852.0,60834852.0,86.90693142857143
13 going on 30,37000000.0,96455697.0,59455697.0,160.691072972973
shrek 2,150000000.0,928760770.0,778760770.0,519.1738466666667
crash,6500000.0,98410061.0,91910061.0,1414.0009384615385
the bourne supremacy,75000000.0,290835269.0,215835269.0,287.78035866666664
dawn of the dead,26000000.0,102278712.0,76278712.0,293.3796615384615
the passion of the christ,30000000.0,612054506.0,582054506.0,1940.1816866666668
resident evil: apocalypse,45000000.0,129342769.0,84342769.0,187.42837555555556
hellboy,66000000.0,99378985.0,33378985.0,50.5742196969697
anchorman: the legend of ron burgundy,26000000.0,90709367.0,64709367.0,248.88218076923079
walking tall,46000000.0,57223890.0,11223890.0,24.399760869565217
the life aquatic with steve zissou,50000000.0,34809623.0,-15190377.0,-30.380754
a series of unfortunate events,140000000.0,211468235.0,71468235.0,51.048739285714284
the machinist,5000000.0,8203235.0,3203235.0,64.0647
the phantom of the opera,70000000.0,154649125.0,84649125.0,120.92732142857143
closer,27000000.0,115505027.0,88505027.0,327.7963962962963
national treasure,100000000.0,347512318.0,247512318.0,247.51231800000002
alexander,155000000.0,167298192.0,12298192.0,7.934317419354839
the chronicles of riddick,105000000.0,115900534.0,10900534.0,10.381460952380953
the manchurian candidate,80000000.0,96105910.0,16105910.0,20.1323875
king arthur,120000000.0,203567857.0,83567857.0,69.63988083333334
ocean's twelve,110000000.0,362744280.0,252744280.0,229.76752727272728
harold & kumar go to white castle,9000000.0,23936908.0,14936908.0,165.96564444444445
blade: trinity,65000000.0,131977904.0,66977904.0,103.04292923076923
alien vs. predator,60000000.0,177427090.0,117427090.0,195.71181666666666
meet the fockers,80000000.0,522657936.0,442657936.0,553.3224200000001
sideways,16000000.0,109706931.0,93706931.0,585.66831875
friday night lights,30000000.0,61950770.0,31950770.0,106.50256666666667
starsky & hutch,60000000.0,170268750.0,110268750.0,183.78125
shark tale,75000000.0,374583879.0,299583879.0,399.44517199999996
before sunset,2700000.0,15936507.0,13236507.0,490.241
ella enchanted,31000000.0,27388767.0,-3611233.0,-11.649138709677418
primer,7000.0,545436.0,538436.0,7691.942857142857
a cinderella story,19000000.0,70067909.0,51067909.0,268.7784684210526
along came polly,42000000.0,178311729.0,136311729.0,324.5517357142857
the spongebob squarepants movie,30000000.0,141067127.0,111067127.0,370.22375666666665
scooby-doo 2: monsters unleashed,80000000.0,181216833.0,101216833.0,126.52104125000001
the ladykillers,35000000.0,76665191.0,41665191.0,119.04340285714285
hotel rwanda,17500000.0,33882243.0,16382243.0,93.61281714285714
taking lives,45000000.0,65470529.0,20470529.0,45.49006444444444
kung fu hustle,20000000.0,104882445.0,84882445.0,424.41222500000003
the perfect score,40000000.0,10898337.0,-29101663.0,-72.7541575
garden state,2500000.0,35825316.0,33325316.0,1333.01264
the princess diaries 2: royal engagement,40000000.0,134734481.0,94734481.0,236.8362025
twisted,50000000.0,40954603.0,-9045397.0,-18.090794
catwoman,100000000.0,82102379.0,-17897621.0,-17.897621
seed of chucky,12000000.0,24829644.0,12829644.0,106.9137
2046,12000000.0,20205757.0,8205757.0,68.38130833333334
torque,40000000.0,46546197.0,6546197.0,16.365492500000002
ray,40000000.0,123971376.0,83971376.0,209.92844000000002
chasing liberty,23000000.0,12313323.0,-10686677.0,-46.46381304347826
secret window,40000000.0,92913171.0,52913171.0,132.2829275
bride & prejudice,7000000.0,24716440.0,17716440.0,253.092
finding neverland,25000000.0,116650613.0,91650613.0,366.602452
team america: world police,32000000.0,50826898.0,18826898.0,58.83405625
sleepover,10000000.0,10143022.0,143022.0,1.4302199999999998
the grudge,10000000.0,187281115.0,177281115.0,1772.81115
around the world in 80 days,110000000.0,72178895.0,-37821105.0,-34.382822727272725
wimbledon,31000000.0,41682237.0,10682237.0,34.458829032258066
the adventures of sharkboy and lavagirl 3-d,50000000.0,71992655.0,21992655.0,43.98531
the polar express,165000000.0,314215454.0,149215454.0,90.43360848484848
without a paddle,19000000.0,73029190.0,54029190.0,284.3641578947369
miracle,28000000.0,64445708.0,36445708.0,130.16324285714285
mindhunters,27000000.0,21148829.0,-5851171.0,-21.671003703703704
the prince and me,22000000.0,37666766.0,15666766.0,71.21257272727273
taxi,25000000.0,71255003.0,46255003.0,185.020012
wicker park,30000000.0,21741598.0,-8258402.0,-27.528006666666666
cellular,25000000.0,57678321.0,32678321.0,130.713284
kinsey,11000000.0,17050017.0,6050017.0,55.00015454545455
anacondas: the hunt for the blood orchid,20000000.0,70992898.0,50992898.0,254.96449
confessions of a teenage drama queen,15000000.0,33251890.0,18251890.0,121.67926666666666
raising helen,50000000.0,49718611.0,-281389.0,-0.562778
fat albert,26000000.0,48551322.0,22551322.0,86.73585384615384
sky captain and the world of tomorrow,70000000.0,57947036.0,-12052964.0,-17.21852
the stepford wives,90000000.0,103370127.0,13370127.0,14.855696666666669
shall we dance,50000000.0,170128460.0,120128460.0,240.25691999999998
after the sunset,60000000.0,62657868.0,2657868.0,4.42978
a very long engagement,56600000.0,69424389.0,12824389.0,22.65793109540636
the forgotten,42000000.0,117592831.0,75592831.0,179.98293095238097
flight of the phoenix,45000000.0,35021497.0,-9978503.0,-22.17445111111111
saved!,5000000.0,10275509.0,5275509.0,105.51018
garfield,50000000.0,203172417.0,153172417.0,306.344834
in good company,26000000.0,61315215.0,35315215.0,135.82775
first daughter,30000000.0,10592180.0,-19407820.0,-64.69273333333334
jersey girl,35000000.0,35492921.0,492921.0,1.4083457142857143
the alamo,107000000.0,25819961.0,-81180039.0,-75.8691953271028
raise your voice,15000000.0,14867514.0,-132486.0,-0.88324
hidalgo,100000000.0,108040622.0,8040622.0,8.040622
bridget jones: the edge of reason,40000000.0,265126918.0,225126918.0,562.817295
mean creek,500000.0,802948.0,302948.0,60.5896
dirty dancing: havana nights,25000000.0,27685016.0,2685016.0,10.740064
d.e.b.s.,3500000.0,97446.0,-3402554.0,-97.21582857142857
club dread,8600000.0,7565807.0,-1034193.0,-12.025500000000001
bad education,5000000.0,40423279.0,35423279.0,708.46558
soul plane,16000000.0,14821824.0,-1178176.0,-7.363599999999999
3-iron,1000000.0,3403957.0,2403957.0,240.3957
thunderbirds,57000000.0,28283637.0,-28716363.0,-50.37958421052632
new york minute,30000000.0,21289826.0,-8710174.0,-29.033913333333334
birth,20000000.0,23925492.0,3925492.0,19.62746
vanity fair,23000000.0,19463185.0,-3536815.0,-15.37745652173913
exorcist: the beginning,80000000.0,78110021.0,-1889979.0,-2.36247375
a dirty shame,15000000.0,1914166.0,-13085834.0,-87.23889333333334
i heart huckabees,20000000.0,20094909.0,94909.0,0.474545
the door in the floor,7500000.0,6715067.0,-784933.0,-10.465773333333333
the whole ten yards,40000000.0,26170671.0,-13829329.0,-34.573322499999996
envy,40000000.0,14494036.0,-25505964.0,-63.76491
alfie,60000000.0,35060882.0,-24939118.0,-41.565196666666665
superbabies: baby geniuses 2,20000000.0,9448644.0,-10551356.0,-52.756780000000006
johnson family vacation,12000000.0,31326183.0,19326183.0,161.051525
spartan,19250000.0,8112712.0,-11137288.0,-57.85604155844156
home on the range,110000000.0,145358062.0,35358062.0,32.14369272727273
christmas with the kranks,60000000.0,96593018.0,36593018.0,60.988363333333325
win a date with tad hamilton!,22000000.0,21513434.0,-486566.0,-2.211663636363636
night watch,4200000.0,50336279.0,46136279.0,1098.4828333333332
the merchant of venice,30000000.0,21560182.0,-8439818.0,-28.13272666666667
ladder 49,55000000.0,100572044.0,45572044.0,82.85826181818182
you got served,8000000.0,50576805.0,42576805.0,532.2100625
beyond the sea,23000000.0,8447615.0,-14552385.0,-63.271239130434786
eulogy,6500000.0,89781.0,-6410219.0,-98.61875384615385
the big bounce,50000000.0,6808550.0,-43191450.0,-86.38289999999999
veer-zaara,7000000.0,6887221.0,-112779.0,-1.6111285714285712
little black book,35000000.0,22035509.0,-12964491.0,-37.041402857142856
laws of attraction,32000000.0,30031874.0,-1968126.0,-6.15039375
maria full of grace,3000000.0,12594630.0,9594630.0,319.821
vera drake,11000000.0,13267869.0,2267869.0,20.61699090909091
it's all gone pete tong,2000000.0,1635056.0,-364944.0,-18.2472
catch that kid,12000000.0,16951702.0,4951702.0,41.264183333333335
tae guk gi: the brotherhood of war,12800000.0,76287982.0,63487982.0,495.99985937499997
she hate me,8000000.0,1526951.0,-6473049.0,-80.9131125
welcome to mooseport,30000000.0,14615099.0,-15384901.0,-51.28300333333333
clifford's really big movie,70000.0,3255426.0,3185426.0,4550.608571428572
harry potter and the goblet of fire,150000000.0,896678241.0,746678241.0,497.785494
the 40-year-old virgin,26000000.0,177378645.0,151378645.0,582.2255576923077
memoirs of a geisha,85000000.0,162242962.0,77242962.0,90.87407294117648
pride & prejudice,28000000.0,121616555.0,93616555.0,334.3448392857143
batman begins,150000000.0,373661946.0,223661946.0,149.10796399999998
brokeback mountain,14000000.0,178062759.0,164062759.0,1171.8768499999999
sin city,40000000.0,158733820.0,118733820.0,296.83455
charlie and the chocolate factory,150000000.0,474968763.0,324968763.0,216.64584200000002
v for vendetta,54000000.0,132511035.0,78511035.0,145.39080555555554
"the chronicles of narnia: the lion, the witch and the wardrobe",180000000.0,745013115.0,565013115.0,313.89617499999997
wedding crashers,40000000.0,288467645.0,248467645.0,621.1691125
war of the worlds,132000000.0,603873119.0,471873119.0,357.4796356060606
kingdom of heaven,130000000.0,218122627.0,88122627.0,67.78663615384616
constantine,100000000.0,230884728.0,130884728.0,130.884728
star wars: episode iii - revenge of the sith,113000000.0,868390560.0,755390560.0,668.487221238938
king kong,207000000.0,562363449.0,355363449.0,171.67316376811596
the hitchhiker's guide to the galaxy,50000000.0,104478416.0,54478416.0,108.95683199999999
fantastic four,100000000.0,333535934.0,233535934.0,233.535934
serenity,39000000.0,40445129.0,1445129.0,3.7054589743589745
mr. & mrs. smith,110000000.0,487287646.0,377287646.0,342.98876909090905
the island,126000000.0,162949164.0,36949164.0,29.324733333333334
waiting...,3000000.0,18637690.0,15637690.0,521.2563333333334
match point,15000000.0,85638656.0,70638656.0,470.92437333333334
hostel,4800000.0,81979826.0,77179826.0,1607.913041666667
sky high,35000000.0,86369815.0,51369815.0,146.77089999999998
assault on precinct 13,30000000.0,35294470.0,5294470.0,17.648233333333334
madagascar,75000000.0,542063846.0,467063846.0,622.7517946666667
hard candy,950000.0,7022209.0,6072209.0,639.179894736842
the sisterhood of the traveling pants,25000000.0,42013878.0,17013878.0,68.055512
the longest yard,82000000.0,191466556.0,109466556.0,133.4958
red eye,26000000.0,96258201.0,70258201.0,270.22384999999997
house of wax,40000000.0,68766121.0,28766121.0,71.9153025
four brothers,45000000.0,92374674.0,47374674.0,105.27705333333333
the dukes of hazzard,50000000.0,111069515.0,61069515.0,122.13902999999999
the interpreter,80000000.0,162944923.0,82944923.0,103.68115375
walk the line,28000000.0,186797986.0,158797986.0,567.1356642857143
lords of dogtown,25000000.0,13411957.0,-11588043.0,-46.352172
munich,70000000.0,130982129.0,60982129.0,87.11732714285715
kiss kiss bang bang,15000000.0,15785148.0,785148.0,5.23432
the constant gardener,25000000.0,82468097.0,57468097.0,229.87238799999997
the pacifier,56000000.0,198636868.0,142636868.0,254.70869285714284
a history of violence,32000000.0,61385065.0,29385065.0,91.828328125
the devil's rejects,7000000.0,20901859.0,13901859.0,198.5979857142857
hitch,70000000.0,371594210.0,301594210.0,430.84887142857144
mirrormask,4000000.0,866999.0,-3133001.0,-78.32502500000001
rent,40000000.0,31670620.0,-8329380.0,-20.823449999999998
robots,75000000.0,262511490.0,187511490.0,250.01532000000003
jarhead,72000000.0,97076152.0,25076152.0,34.82798888888889
into the blue,50000000.0,46117696.0,-3882304.0,-7.764608000000001
saw ii,4000000.0,147748505.0,143748505.0,3593.7126249999997
flightplan,55000000.0,223387299.0,168387299.0,306.15872545454545
coach carter,30000000.0,76669554.0,46669554.0,155.56518
dark water,30000000.0,68357079.0,38357079.0,127.85693
lord of war,50000000.0,72617068.0,22617068.0,45.234136
zathura: a space adventure,65000000.0,65079104.0,79104.0,0.12169846153846153
the quiet,900000.0,381420.0,-518580.0,-57.620000000000005
the amityville horror,19000000.0,107516369.0,88516369.0,465.8756263157895
be cool,53000000.0,95763716.0,42763716.0,80.68625660377359
"yours, mine & ours",45000000.0,72662923.0,27662923.0,61.47316222222222
cinderella man,88000000.0,108539911.0,20539911.0,23.340807954545454
nanny mcphee,25000000.0,123276807.0,98276807.0,393.107228
the brothers grimm,88000000.0,105316267.0,17316267.0,19.677576136363637
sahara,130000000.0,119240351.0,-10759649.0,-8.276653076923077
corpse bride,40000000.0,118090836.0,78090836.0,195.22709
transporter 2,32000000.0,89083229.0,57083229.0,178.385090625
two for the money,35000000.0,30526509.0,-4473491.0,-12.781402857142856
the new world,30000000.0,49334775.0,19334775.0,64.44925
brick,475000.0,3947579.0,3472579.0,731.0692631578947
wolf creek,1000000.0,30894796.0,29894796.0,2989.4796
the exorcism of emily rose,19000000.0,145166804.0,126166804.0,664.0358105263158
elektra,43000000.0,56995646.0,13995646.0,32.54801395348837
doom,60000000.0,58072119.0,-1927881.0,-3.2131350000000003
the legend of zorro,75000000.0,142400065.0,67400065.0,89.86675333333334
cheaper by the dozen 2,60000000.0,130154568.0,70154568.0,116.92428
æon flux,62000000.0,53321673.0,-8678327.0,-13.997301612903227
son of the mask,84000000.0,59981548.0,-24018452.0,-28.593395238095237
rumor has it...,70000000.0,88933562.0,18933562.0,27.047945714285714
the producers,45000000.0,38075318.0,-6924682.0,-15.388182222222222
kicking & screaming,45000000.0,56070433.0,11070433.0,24.600962222222222
the cave,30000000.0,33296457.0,3296457.0,10.988190000000001
broken flowers,10000000.0,47329961.0,37329961.0,373.29961
fun with dick and jane,100000000.0,204681899.0,104681899.0,104.681899
imagine me & you,7900000.0,2635305.0,-5264695.0,-66.6417088607595
the family stone,18000000.0,92884429.0,74884429.0,416.0246055555556
just like heaven,58000000.0,102854431.0,44854431.0,77.33522586206897
capote,7000000.0,49327405.0,42327405.0,604.6772142857143
the skeleton key,43000000.0,93983911.0,50983911.0,118.56723488372094
the squid and the whale,1500000.0,11098131.0,9598131.0,639.8754
land of the dead,15000000.0,47074133.0,32074133.0,213.82755333333333
man of the house,40000000.0,21577624.0,-18422376.0,-46.05594
elizabethtown,45000000.0,52164016.0,7164016.0,15.920035555555556
chicken little,150000000.0,314432837.0,164432837.0,109.62189133333334
monster-in-law,43000000.0,155457327.0,112457327.0,261.5286674418605
domino,50000000.0,22984628.0,-27015372.0,-54.030744
the ring two,50000000.0,163995949.0,113995949.0,227.99189800000002
deuce bigalow: european gigolo,22000000.0,45109561.0,23109561.0,105.04345909090908
harsh times,2000000.0,5969708.0,3969708.0,198.4854
diary of a mad black woman,5500000.0,50652203.0,45152203.0,820.9491454545455
herbie fully loaded,50000000.0,144146816.0,94146816.0,188.293632
wallace & gromit: the curse of the were-rabbit,30000000.0,194137091.0,164137091.0,547.1236366666667
the jacket,29000000.0,21733230.0,-7266770.0,-25.057827586206898
the wedding date,15000000.0,47096206.0,32096206.0,213.97470666666666
thank you for smoking,6500000.0,39323027.0,32823027.0,504.96964615384616
hide and seek,30000000.0,127369981.0,97369981.0,324.5666033333333
cursed,38000000.0,29621722.0,-8378278.0,-22.0481
miss congeniality 2: armed & fabulous,45000000.0,101393569.0,56393569.0,125.31904222222224
bad news bears,35000000.0,34252847.0,-747153.0,-2.134722857142857
fever pitch,30000000.0,50605163.0,20605163.0,68.68387666666666
xxx: state of the union,113000000.0,71022693.0,-41977307.0,-37.1480592920354
syriana,50000000.0,93974620.0,43974620.0,87.94923999999999
north country,35000000.0,25211175.0,-9788825.0,-27.968071428571427
derailed,22000000.0,57479076.0,35479076.0,161.26852727272728
the perfect man,10000000.0,19770475.0,9770475.0,97.70474999999999
unleashed,45000000.0,50871113.0,5871113.0,13.046917777777779
hostage,52000000.0,77663556.0,25663556.0,49.352992307692304
the greatest game ever played,26000000.0,15431177.0,-10568823.0,-40.64931923076923
get rich or die tryin',40000000.0,46563961.0,6563961.0,16.4099025
bewitched,85000000.0,131426169.0,46426169.0,54.61902235294117
hoodwinked,30000000.0,110013167.0,80013167.0,266.71055666666666
bloodrayne,25000000.0,3650275.0,-21349725.0,-85.3989
the three burials of melquiades estrada,15000000.0,12045362.0,-2954638.0,-19.697586666666666
feast,3200000.0,719135.0,-2480865.0,-77.52703125
goal! the dream begins,10000000.0,27610873.0,17610873.0,176.10873
man-thing,30000000.0,1123136.0,-28876864.0,-96.25621333333333
"good night, and good luck.",7000000.0,54641191.0,47641191.0,680.5884428571429
a lot like love,30000000.0,42886719.0,12886719.0,42.955729999999996
cry wolf,1000000.0,32586408.0,31586408.0,3158.6407999999997
the proposition,20000000.0,5048693.0,-14951307.0,-74.756535
the world's fastest indian,25000000.0,18299138.0,-6700862.0,-26.803448000000003
stealth,135000000.0,79268322.0,-55731678.0,-41.28272444444445
hustle & flow,2800000.0,23563727.0,20763727.0,741.5616785714286
the matador,12500000.0,17356268.0,4856268.0,38.850144
the fog,18000000.0,46201432.0,28201432.0,156.6746222222222
because of winn-dixie,14000000.0,33589427.0,19589427.0,139.92447857142858
where the truth lies,25000000.0,3487678.0,-21512322.0,-86.049288
must love dogs,30000000.0,58231520.0,28231520.0,94.10506666666667
guess who,35000000.0,103121466.0,68121466.0,194.63276000000002
the ballad of jack and rose,1500000.0,916051.0,-583949.0,-38.92993333333333
stay,50000000.0,8483797.0,-41516203.0,-83.03240600000001
the great raid,80000000.0,10777375.0,-69222625.0,-86.52828125
tideland,19300000.0,566611.0,-18733389.0,-97.06419170984456
alone in the dark,20000000.0,12693645.0,-7306355.0,-36.531774999999996
an american haunting,14000000.0,29612137.0,15612137.0,111.51526428571428
supercross,16000000.0,3344431.0,-12655569.0,-79.09730625
oliver twist,60000000.0,42580321.0,-17419679.0,-29.032798333333332
white noise,10000000.0,91196419.0,81196419.0,811.9641899999999
are we there yet?,32000000.0,97918663.0,65918663.0,205.995821875
proof,20000000.0,14189860.0,-5810140.0,-29.050700000000003
racing stripes,30000000.0,90754475.0,60754475.0,202.51491666666666
a sound of thunder,80000000.0,11665465.0,-68334535.0,-85.41816875
the weather man,22000000.0,19126398.0,-2873602.0,-13.061827272727273
keeping mum,169000.0,18586834.0,18417834.0,10898.126627218935
an unfinished life,30000000.0,18618284.0,-11381716.0,-37.939053333333334
boogeyman,20000000.0,67192859.0,47192859.0,235.964295
me and you and everyone we know,800000.0,8012838.0,7212838.0,901.6047500000001
transamerica,1000000.0,15151744.0,14151744.0,1415.1744
the lost city,9600000.0,4408011.0,-5191989.0,-54.08321874999999
the upside of anger,12000000.0,28237488.0,16237488.0,135.3124
the chumscrubber,6800000.0,351401.0,-6448599.0,-94.83233823529412
the man,33000000.0,13485145.0,-19514855.0,-59.135924242424245
valiant,35000000.0,61746888.0,26746888.0,76.41968
prime,22000000.0,67937494.0,45937494.0,208.8067909090909
manderlay,14200000.0,674918.0,-13525082.0,-95.24705633802817
junebug,1000000.0,3399228.0,2399228.0,239.9228
dominion,30000000.0,251495.0,-29748505.0,-99.16168333333333
dreamer,32000000.0,38741732.0,6741732.0,21.0679125
factotum,1000000.0,2708087.0,1708087.0,170.8087
everything is illuminated,7000000.0,3601974.0,-3398026.0,-48.54322857142857
thumbsucker,4000000.0,2138742.0,-1861258.0,-46.53145
rebound,33100000.0,17492014.0,-15607986.0,-47.15403625377643
the departed,90000000.0,291465373.0,201465373.0,223.85041444444443
the fast and the furious: tokyo drift,85000000.0,158964610.0,73964610.0,87.01718823529411
talladega nights: the ballad of ricky bobby,72500000.0,163362095.0,90862095.0,125.32702758620691
the prestige,40000000.0,109676311.0,69676311.0,174.1907775
cars,120000000.0,461991867.0,341991867.0,284.9932225
300,65000000.0,456068181.0,391068181.0,601.6433553846153
the devil wears prada,35000000.0,326706115.0,291706115.0,833.4460428571429
casino royale,150000000.0,616502912.0,466502912.0,311.0019413333333
pan's labyrinth,19000000.0,83850267.0,64850267.0,341.3171947368421
pirates of the caribbean: dead man's chest,225000000.0,1066179747.0,841179747.0,373.85766533333333
apocalypto,40000000.0,120673227.0,80673227.0,201.6830675
she's the man,20000000.0,57194667.0,37194667.0,185.973335
little children,26000000.0,14821658.0,-11178342.0,-42.99362307692308
children of men,76000000.0,70595464.0,-5404536.0,-7.111231578947369
the da vinci code,125000000.0,760006945.0,635006945.0,508.005556
the pursuit of happyness,55000000.0,307127625.0,252127625.0,458.41386363636366
little miss sunshine,8000000.0,101058954.0,93058954.0,1163.236925
the last king of scotland,6000000.0,48618191.0,42618191.0,710.3031833333333
blood diamond,100000000.0,171720398.0,71720398.0,71.720398
the lives of others,2000000.0,77356942.0,75356942.0,3767.8471
night at the museum,110000000.0,574481229.0,464481229.0,422.2556627272727
mission: impossible iii,150000000.0,398479497.0,248479497.0,165.652998
marie antoinette,40000000.0,60917189.0,20917189.0,52.292972500000005
inside man,45000000.0,186003591.0,141003591.0,313.34131333333335
running scared,15000000.0,9380029.0,-5619971.0,-37.46647333333333
accepted,23000000.0,38623262.0,15623262.0,67.92722608695652
superman returns,270000000.0,391081192.0,121081192.0,44.84488592592592
slither,15000000.0,12834936.0,-2165064.0,-14.433760000000001
nacho libre,35000000.0,99255460.0,64255460.0,183.58702857142856
the covenant,20000000.0,37598767.0,17598767.0,87.993835
the hills have eyes,15000000.0,70009308.0,55009308.0,366.72872
the fountain,35000000.0,16468343.0,-18531657.0,-52.94759142857143
x-men: the last stand,210000000.0,460435291.0,250435291.0,119.25490047619047
underworld: evolution,50000000.0,111476513.0,61476513.0,122.953026
click,82500000.0,240685326.0,158185326.0,191.73978909090908
the holiday,85000000.0,205850134.0,120850134.0,142.17662823529412
silent hill,50000000.0,100605135.0,50605135.0,101.21027000000001
basic instinct 2,70000000.0,38629478.0,-31370522.0,-44.81503142857143
the black dahlia,50000000.0,49332692.0,-667308.0,-1.334616
perfume: the story of a murderer,60000000.0,135039924.0,75039924.0,125.06653999999999
lucky number slevin,27000000.0,56308881.0,29308881.0,108.55141111111111
smokin' aces,17000000.0,57232879.0,40232879.0,236.66399411764706
deja vu,75000000.0,180557550.0,105557550.0,140.7434
rv,50000000.0,87528173.0,37528173.0,75.05634599999999
tenacious d in the pick of destiny,20000000.0,13939963.0,-6060037.0,-30.300185000000003
black book,21000000.0,26768563.0,5768563.0,27.469347619047618
step up,12000000.0,114197742.0,102197742.0,851.64785
borat: cultural learnings of america for make benefit glorious nation of kazakhstan,18000000.0,262552893.0,244552893.0,1358.6271833333333
snakes on a plane,33000000.0,62022014.0,29022014.0,87.94549696969696
lady in the water,70000000.0,72785169.0,2785169.0,3.978812857142857
crank,12000000.0,42931041.0,30931041.0,257.758675
the illusionist,16500000.0,87892388.0,71392388.0,432.6811393939394
over the hedge,80000000.0,339795890.0,259795890.0,324.7448625
final destination 3,25000000.0,118890272.0,93890272.0,375.561088
stranger than fiction,30000000.0,53653224.0,23653224.0,78.84408
aquamarine,12000000.0,22989957.0,10989957.0,91.582975
scary movie 4,45000000.0,178262620.0,133262620.0,296.1391555555556
the fall,30000000.0,3669465.0,-26330535.0,-87.76845
john tucker must die,18000000.0,68844775.0,50844775.0,282.47097222222226
the good shepherd,110000000.0,100266865.0,-9733135.0,-8.848304545454546
rocky balboa,24000000.0,155929020.0,131929020.0,549.70425
eragon,100000000.0,250425512.0,150425512.0,150.425512
dreamgirls,70000000.0,155430335.0,85430335.0,122.04333571428572
babel,25000000.0,135330182.0,110330182.0,441.320728
a good year,35000000.0,42269923.0,7269923.0,20.77120857142857
miami vice,135000000.0,163794509.0,28794509.0,21.329265925925924
saw iii,10000000.0,164874275.0,154874275.0,1548.7427500000001
happy feet,100000000.0,384336108.0,284336108.0,284.336108
the texas chainsaw massacre: the beginning,16000000.0,51764406.0,35764406.0,223.5275375
black snake moan,15000000.0,10907485.0,-4092515.0,-27.283433333333335
monster house,75000000.0,141861243.0,66861243.0,89.148324
scoop,17300000.0,39220946.0,21920946.0,126.71067052023122
world trade center,65000000.0,163247198.0,98247198.0,151.14953538461538
employee of the month,12000000.0,38395414.0,26395414.0,219.96178333333333
little man,64000000.0,104003322.0,40003322.0,62.505190625
the benchwarmers,33000000.0,64962629.0,31962629.0,96.85645151515152
poseidon,160000000.0,181674817.0,21674817.0,13.546760625000001
flushed away,149000000.0,178281554.0,29281554.0,19.65204966442953
the guardian,70000000.0,94973540.0,24973540.0,35.67648571428572
rescue dawn,10000000.0,7177143.0,-2822857.0,-28.228569999999998
when a stranger calls,15000000.0,67062123.0,52062123.0,347.08082
a scanner darkly,8700000.0,7659918.0,-1040082.0,-11.95496551724138
doa: dead or alive,21000000.0,7563172.0,-13436828.0,-63.98489523809524
shortbus,2000000.0,5526675.0,3526675.0,176.33375
catch and release,25000000.0,16162580.0,-8837420.0,-35.34968
the break-up,52000000.0,205668210.0,153668210.0,295.5157884615385
united 93,15000000.0,76700659.0,61700659.0,411.33772666666664
the pink panther,80000000.0,164115897.0,84115897.0,105.14487125000001
letters from iwo jima,19000000.0,68673228.0,49673228.0,261.43804210526315
southland tales,17000000.0,374743.0,-16625257.0,-97.79562941176471
flags of our fathers,90000000.0,65900249.0,-24099751.0,-26.777501111111114
failure to launch,50000000.0,130224158.0,80224158.0,160.448316
clerks ii,5000000.0,26986174.0,21986174.0,439.72348
16 blocks,52000000.0,65664721.0,13664721.0,26.278309615384615
my super ex-girlfriend,30000000.0,61108981.0,31108981.0,103.69660333333333
the lake house,40000000.0,114830111.0,74830111.0,187.0752775
the wicker man,40000000.0,38805380.0,-1194620.0,-2.98655
open season,85000000.0,200811689.0,115811689.0,136.24904588235293
charlotte's web,85000000.0,148963822.0,63963822.0,75.25155529411765
the omen,25000000.0,119974972.0,94974972.0,379.89988800000003
penelope,15000000.0,21156270.0,6156270.0,41.0418
ice age: the meltdown,80000000.0,667094506.0,587094506.0,733.8681325
beerfest,17500000.0,20387597.0,2887597.0,16.500554285714287
stay alive,7000000.0,27298695.0,20298695.0,289.9813571428572
bug,4000000.0,8095658.0,4095658.0,102.39145
turistas,10000000.0,14756513.0,4756513.0,47.565129999999996
notes on a scandal,15000000.0,49814392.0,34814392.0,232.0959466666667
"paris, je t'aime",13000000.0,17471727.0,4471727.0,34.3979
seraphim falls,18000000.0,1220058.0,-16779942.0,-93.2219
invincible,40000000.0,58480828.0,18480828.0,46.20207
firewall,50000000.0,82751189.0,32751189.0,65.50237800000001
hatchet,1500000.0,208550.0,-1291450.0,-86.09666666666666
we are marshall,65000000.0,43545364.0,-21454636.0,-33.0071323076923
just my luck,28000000.0,38159905.0,10159905.0,36.285374999999995
madea's family reunion,6000000.0,63368939.0,57368939.0,956.1489833333333
the marine,20000000.0,22165608.0,2165608.0,10.82804
the painted veil,19400000.0,26910847.0,7510847.0,38.715706185567015
ultraviolet,30000000.0,31070211.0,1070211.0,3.5673700000000004
factory girl,7000000.0,3572632.0,-3427368.0,-48.9624
akeelah and the bee,8000000.0,18948425.0,10948425.0,136.8553125
barnyard,51000000.0,116755080.0,65755080.0,128.9315294117647
arthur and the invisibles,86000000.0,108605609.0,22605609.0,26.285591860465118
zoom,35000000.0,12506362.0,-22493638.0,-64.26753714285715
eight below,40000000.0,120455994.0,80455994.0,201.13998500000002
curse of the golden flower,45000000.0,78568977.0,33568977.0,74.59772666666666
date movie,20000000.0,85749034.0,65749034.0,328.74517000000003
flyboys,60000000.0,17858059.0,-42141941.0,-70.23656833333334
find me guilty,13000000.0,2636637.0,-10363363.0,-79.71817692307692
"you, me and dupree",54000000.0,130628903.0,76628903.0,141.90537592592594
curious george,50000000.0,69865924.0,19865924.0,39.731848
flicka,15000000.0,21893591.0,6893591.0,45.95727333333333
black christmas,9000000.0,21510851.0,12510851.0,139.00945555555555
wristcutters: a love story,1000000.0,454026.0,-545974.0,-54.59739999999999
see no evil,8000000.0,18707966.0,10707966.0,133.84957500000002
last holiday,45000000.0,43451846.0,-1548154.0,-3.440342222222222
friends with money,6500000.0,18245244.0,11745244.0,180.69606153846155
all the king's men,55000000.0,9451623.0,-45548377.0,-82.81523090909091
hollywoodland,28000000.0,16800438.0,-11199562.0,-39.99843571428571
atl,20000000.0,21170563.0,1170563.0,5.852815
bobby,14000000.0,20718608.0,6718608.0,47.99005714285715
half nelson,700000.0,4660481.0,3960481.0,565.783
the wild,80000000.0,102338515.0,22338515.0,27.92314375
infamous,13000000.0,2689799.0,-10310201.0,-79.30923846153846
take the lead,30000000.0,66500090.0,36500090.0,121.66696666666668
gridiron gang,30000000.0,41480851.0,11480851.0,38.26950333333333
the ant bully,50000000.0,55181129.0,5181129.0,10.362258
fur: an imaginary portrait of diane arbus,16800000.0,2312717.0,-14487283.0,-86.23382738095238
peaceful warrior,10000000.0,4326927.0,-5673073.0,-56.730729999999994
the santa clause 3: the escape clause,12000000.0,110768122.0,98768122.0,823.0676833333334
miss potter,30000000.0,35078241.0,5078241.0,16.92747
big momma's house 2,40000000.0,141522961.0,101522961.0,253.80740249999997
pulse,20500000.0,29907685.0,9407685.0,45.89114634146341
the last kiss,20000000.0,15852401.0,-4147599.0,-20.737995
the astronaut farmer,13000000.0,11130889.0,-1869111.0,-14.377776923076924
mini's first time,6000000.0,156318.0,-5843682.0,-97.3947
lonely hearts,18000000.0,2520835.0,-15479165.0,-85.99536111111111
everyone's hero,35000000.0,16627188.0,-18372812.0,-52.49374857142857
old joy,300000.0,301047.0,1047.0,0.349
the grudge 2,20000000.0,70711175.0,50711175.0,253.555875
for your consideration,12000000.0,5925637.0,-6074363.0,-50.61969166666667
the sentinel,60000000.0,78810595.0,18810595.0,31.350991666666665
hoot,15000000.0,8224998.0,-6775002.0,-45.16668
garfield: a tail of two kitties,60000000.0,143325970.0,83325970.0,138.87661666666668
there will be blood,25000000.0,76182388.0,51182388.0,204.729552
no country for old men,25000000.0,171627166.0,146627166.0,586.5086640000001
stardust,70000000.0,137515140.0,67515140.0,96.4502
gone baby gone,19000000.0,34612443.0,15612443.0,82.17075263157895
disturbia,20000000.0,118114220.0,98114220.0,490.5711
zodiac,65000000.0,84785914.0,19785914.0,30.439867692307693
superbad,20000000.0,170812526.0,150812526.0,754.0626299999999
transformers,150000000.0,709709780.0,559709780.0,373.13985333333335
harry potter and the order of the phoenix,150000000.0,942172396.0,792172396.0,528.1149306666666
into the wild,15000000.0,56675895.0,41675895.0,277.8393
ratatouille,150000000.0,623726085.0,473726085.0,315.81739
atonement,30000000.0,131016624.0,101016624.0,336.72208
shooter,61000000.0,95696996.0,34696996.0,56.88032131147541
american gangster,100000000.0,269755430.0,169755430.0,169.75543
spider-man 3,258000000.0,894983373.0,636983373.0,246.89278023255815
live free or die hard,110000000.0,388156011.0,278156011.0,252.86910090909092
pirates of the caribbean: at world's end,300000000.0,960996492.0,660996492.0,220.332164
i am legend,150000000.0,585410052.0,435410052.0,290.273368
juno,7500000.0,232372681.0,224872681.0,2998.3024133333333
28 weeks later,15000000.0,65048678.0,50048678.0,333.6578533333333
hitman,24000000.0,101276318.0,77276318.0,321.9846583333333
enchanted,85000000.0,340487836.0,255487836.0,300.57392470588235
the mist,18000000.0,57470220.0,39470220.0,219.279
hairspray,75000000.0,203553311.0,128553311.0,171.40441466666667
knocked up,30000000.0,219922417.0,189922417.0,633.0747233333334
sweeney todd: the demon barber of fleet street,50000000.0,153383627.0,103383627.0,206.76725399999998
grindhouse,67000000.0,25422088.0,-41577912.0,-62.05658507462687
ghost rider,110000000.0,228738393.0,118738393.0,107.94399363636364
the darjeeling limited,16000000.0,35310019.0,19310019.0,120.68761875
bridge to terabithia,17000000.0,137587063.0,120587063.0,709.3356647058823
the nanny diaries,20000000.0,47817020.0,27817020.0,139.0851
funny games,15000000.0,7938872.0,-7061128.0,-47.07418666666667
halloween,15000000.0,80460948.0,65460948.0,436.40632000000005
the bourne ultimatum,110000000.0,444100035.0,334100035.0,303.72730454545456
norbit,60000000.0,159814490.0,99814490.0,166.35748333333333
beowulf,150000000.0,196393745.0,46393745.0,30.92916333333333
next,70000000.0,77621983.0,7621983.0,10.888547142857142
3:10 to yuma,55000000.0,70016220.0,15016220.0,27.302218181818183
across the universe,45000000.0,29625761.0,-15374239.0,-34.16497555555556
ocean's thirteen,85000000.0,311312624.0,226312624.0,266.25014588235297
blades of glory,61000000.0,145710347.0,84710347.0,138.8694213114754
surf's up,100000000.0,152005713.0,52005713.0,52.005713
resident evil: extinction,45000000.0,147717833.0,102717833.0,228.2618511111111
30 days of night,30000000.0,75513170.0,45513170.0,151.71056666666667
awake,8600000.0,32730062.0,24130062.0,280.5821162790698
dead silence,20000000.0,22382047.0,2382047.0,11.910235
bee movie,150000000.0,293514336.0,143514336.0,95.676224
the heartbreak kid,60000000.0,128453183.0,68453183.0,114.08863833333334
aliens vs. predator: requiem,40000000.0,130290885.0,90290885.0,225.7272125
shrek the third,160000000.0,813367380.0,653367380.0,408.3546125
1408,25000000.0,132963417.0,107963417.0,431.853668
the kingdom,70000000.0,87019158.0,17019158.0,24.313082857142856
the assassination of jesse james by the coward robert ford,30000000.0,15001776.0,-14998224.0,-49.994080000000004
good luck chuck,25000000.0,59768495.0,34768495.0,139.07398
hostel: part ii,10200000.0,35728183.0,25528183.0,250.2763039215686
fantastic 4: rise of the silver surfer,130000000.0,301913131.0,171913131.0,132.24087
the golden compass,180000000.0,372234864.0,192234864.0,106.79714666666666
rush hour 3,140000000.0,258097122.0,118097122.0,84.35508714285714
timecrimes,2600000.0,553198.0,-2046802.0,-78.72315384615385
epic movie,20000000.0,87238158.0,67238158.0,336.19079
meet the robinsons,150000000.0,169333034.0,19333034.0,12.888689333333334
michael clayton,25000000.0,92991835.0,67991835.0,271.96734
the bucket list,45000000.0,175372502.0,130372502.0,289.7166711111111
"lust, caution",15000000.0,67091915.0,52091915.0,347.2794333333333
charlie wilson's war,75000000.0,119483446.0,44483446.0,59.311261333333334
paranormal activity,15000.0,193355800.0,193340800.0,1288938.6666666667
freedom writers,21000000.0,43095175.0,22095175.0,105.21511904761904
before the devil knows you're dead,18000000.0,25038466.0,7038466.0,39.10258888888889
alvin and the chipmunks,60000000.0,365352546.0,305352546.0,508.92091
p.s. i love you,30000000.0,156835339.0,126835339.0,422.78446333333335
walk hard: the dewey cox story,35000000.0,20576198.0,-14423802.0,-41.21086285714286
national treasure: book of secrets,130000000.0,459242249.0,329242249.0,253.26326846153847
lars and the real girl,12000000.0,11293663.0,-706337.0,-5.886141666666667
the game plan,22000000.0,147880543.0,125880543.0,572.1842863636364
hannibal rising,50000000.0,82169884.0,32169884.0,64.33976799999999
saw iv,10000000.0,139352633.0,129352633.0,1293.5263300000001
premonition,20000000.0,84297309.0,64297309.0,321.486545
the simpsons movie,75000000.0,536414293.0,461414293.0,615.2190573333334
death at a funeral,9000000.0,46789413.0,37789413.0,419.88236666666666
mr. brooks,20000000.0,48443734.0,28443734.0,142.21867
vacancy,19000000.0,35442935.0,16442935.0,86.54176315789474
mr. bean's holiday,25000000.0,232225908.0,207225908.0,828.9036319999999
perfect stranger,60795000.0,73534117.0,12739117.0,20.954218274529154
the brothers solomon,10000000.0,1035056.0,-8964944.0,-89.64944
august rush,30000000.0,66122026.0,36122026.0,120.40675333333333
music and lyrics,40000000.0,145896422.0,105896422.0,264.741055
reservation road,11000000.0,1783226.0,-9216774.0,-83.78885454545456
i'm not there,20000000.0,11792542.0,-8207458.0,-41.03729
reno 911! miami,10000000.0,22021262.0,12021262.0,120.21261999999999
the number 23,30000000.0,77677553.0,47677553.0,158.92517666666666
shoot 'em up,39000000.0,27122238.0,-11877762.0,-30.4558
evan almighty,175000000.0,174440724.0,-559276.0,-0.3195862857142857
dan in real life,25000000.0,68474305.0,43474305.0,173.89722
the lookout,16000000.0,5371181.0,-10628819.0,-66.43011875
the brave one,70000000.0,69787394.0,-212606.0,-0.30372285714285713
i now pronounce you chuck & larry,85000000.0,187134117.0,102134117.0,120.15778470588234
la vie en rose,25000000.0,86274793.0,61274793.0,245.099172
once,150000.0,20936722.0,20786722.0,13857.814666666667
war,25000000.0,40481352.0,15481352.0,61.925408000000004
the visitor,4000000.0,18197518.0,14197518.0,354.93795
elizabeth: the golden age,55000000.0,75782758.0,20782758.0,37.78683272727273
waitress,1500000.0,22240529.0,20740529.0,1382.7019333333335
the seeker: the dark is rising,45000000.0,31852619.0,-13147381.0,-29.21640222222222
no reservations,28000000.0,92601050.0,64601050.0,230.71803571428572
tmnt,34000000.0,95802916.0,61802916.0,181.77328235294118
the hills have eyes 2,15000000.0,37697773.0,22697773.0,151.31848666666667
the hitcher,10000000.0,25399945.0,15399945.0,153.99945
sydney white,16500000.0,13620075.0,-2879925.0,-17.454090909090908
the kite runner,20000000.0,75011029.0,55011029.0,275.05514500000004
reign over me,20000000.0,22242388.0,2242388.0,11.21194
bratz,20000000.0,26013153.0,6013153.0,30.065765
daddy's little girls,10000000.0,31609243.0,21609243.0,216.09243
becoming jane,16500000.0,37407812.0,20907812.0,126.71401212121212
in the name of the king: a dungeon siege tale,60000000.0,13097915.0,-46902085.0,-78.17014166666667
pathfinder,45000000.0,30984583.0,-14015417.0,-31.14537111111111
the comebacks,20000000.0,13539154.0,-6460846.0,-32.304230000000004
we own the night,21000000.0,55033767.0,34033767.0,162.06555714285716
savage grace,4600000.0,1432799.0,-3167201.0,-68.8521956521739
death sentence,20000000.0,16974459.0,-3025541.0,-15.127704999999999
the water horse,40000000.0,103967384.0,63967384.0,159.91846
elite squad,4000000.0,14759148.0,10759148.0,268.9787
my blueberry nights,10000000.0,22007671.0,12007671.0,120.07670999999999
margot at the wedding,10000000.0,2900156.0,-7099844.0,-70.99844
the messengers,16000000.0,55060212.0,39060212.0,244.126325
tyler perry's why did i get married?,15000000.0,55862886.0,40862886.0,272.41924
love in the time of cholera,45000000.0,31575877.0,-13424123.0,-29.831384444444442
p2,8000000.0,7766240.0,-233760.0,-2.922
the reaping,40000000.0,62771059.0,22771059.0,56.9276475
the invasion,80000000.0,40170558.0,-39829442.0,-49.7868025
redacted,5000000.0,784604.0,-4215396.0,-84.30792
who's your caddy?,7000000.0,5713425.0,-1286575.0,-18.37964285714286
persepolis,7300000.0,22783978.0,15483978.0,212.1092876712329
the great debaters,15000000.0,30271556.0,15271556.0,101.81037333333333
georgia rule,20000000.0,25000167.0,5000167.0,25.000835
i know who killed me,12000000.0,9669758.0,-2330242.0,-19.418683333333334
mr. magorium's wonder emporium,65000000.0,69474661.0,4474661.0,6.884093846153847
hotel for dogs,35000000.0,117252578.0,82252578.0,235.0073657142857
fred claus,100000000.0,97838349.0,-2161651.0,-2.161651
sex and death 101,5000000.0,1229330.0,-3770670.0,-75.4134
lions for lambs,35000000.0,64811540.0,29811540.0,85.17582857142857
captivity,17000000.0,10921200.0,-6078800.0,-35.75764705882353
charlie bartlett,12000000.0,5254986.0,-6745014.0,-56.20845
the invisible,30000000.0,26810113.0,-3189887.0,-10.632956666666667
the last legion,35000000.0,25303038.0,-9696962.0,-27.705605714285714
diary of the dead,2000000.0,5540941.0,3540941.0,177.04705
mongol: the rise of genghis khan,18000000.0,26527510.0,8527510.0,47.375055555555555
the life before her eyes,13000000.0,7248490.0,-5751510.0,-44.242384615384616
nancy drew,20000000.0,30666930.0,10666930.0,53.334649999999996
in the land of women,10000000.0,17562071.0,7562071.0,75.62071
rendition,27500000.0,27066382.0,-433618.0,-1.5767927272727271
license to wed,35000000.0,70181325.0,35181325.0,100.51807142857143
88 minutes,30000000.0,32593385.0,2593385.0,8.644616666666668
stomp the yard,13000000.0,75511123.0,62511123.0,480.8547923076923
hounddog,3750000.0,131961.0,-3618039.0,-96.48104
postal,15000000.0,146741.0,-14853259.0,-99.02172666666667
the hunting party,25000000.0,7674033.0,-17325967.0,-69.30386800000001
things we lost in the fire,16000000.0,8591255.0,-7408745.0,-46.30465625
the dark knight,185000000.0,1005973645.0,820973645.0,443.7695378378378
twilight,37000000.0,408430415.0,371430415.0,1003.8659864864865
iron man,140000000.0,585796247.0,445796247.0,318.4258907142857
the incredible hulk,150000000.0,264770996.0,114770996.0,76.51399733333332
kung fu panda,130000000.0,631746197.0,501746197.0,385.9586130769231
tropic thunder,92000000.0,195702963.0,103702963.0,112.72061195652174
step brothers,65000000.0,128108211.0,63108211.0,97.0895553846154
quantum of solace,200000000.0,589580482.0,389580482.0,194.790241
mamma mia!,52000000.0,611257819.0,559257819.0,1075.4958057692309
the strangers,9000000.0,82410456.0,73410456.0,815.6717333333333
indiana jones and the kingdom of the crystal skull,185000000.0,790653942.0,605653942.0,327.3805091891892
taken,25000000.0,226837760.0,201837760.0,807.35104
the curious case of benjamin button,150000000.0,335802786.0,185802786.0,123.868524
wanted,75000000.0,342463063.0,267463063.0,356.6174173333333
burn after reading,37000000.0,163728902.0,126728902.0,342.510545945946
revolutionary road,35000000.0,75981180.0,40981180.0,117.08908571428572
zack and miri make a porno,24000000.0,42784344.0,18784344.0,78.26809999999999
wall·e,180000000.0,521311890.0,341311890.0,189.61771666666667
forgetting sarah marshall,30000000.0,105833257.0,75833257.0,252.7775233333333
seven pounds,55000000.0,169748929.0,114748929.0,208.63441636363635
vicky cristina barcelona,15500000.0,96409300.0,80909300.0,521.9954838709677
in bruges,15000000.0,34085749.0,19085749.0,127.23832666666665
sex and the city,65000000.0,418765519.0,353765519.0,544.2546446153847
slumdog millionaire,15000000.0,378410542.0,363410542.0,2422.7369466666664
the house bunny,25000000.0,70439696.0,45439696.0,181.75878400000002
rocknrolla,18000000.0,25740863.0,7740863.0,43.00479444444444
gran torino,33000000.0,269958228.0,236958228.0,718.0552363636364
the reader,32000000.0,108902486.0,76902486.0,240.32026875
the hurt locker,15000000.0,49259766.0,34259766.0,228.39844
rambo,50000000.0,113244290.0,63244290.0,126.48858000000001
the happening,48000000.0,163403799.0,115403799.0,240.42458125000002
the wrestler,6000000.0,44734660.0,38734660.0,645.5776666666667
cloverfield,25000000.0,172394180.0,147394180.0,589.57672
changeling,55000000.0,113398237.0,58398237.0,106.17861272727274
eagle eye,80000000.0,178767383.0,98767383.0,123.45922875
the ruins,8000000.0,22818256.0,14818256.0,185.2282
the other boleyn girl,35000000.0,78201830.0,43201830.0,123.43379999999999
21,35000000.0,159808370.0,124808370.0,356.59534285714284
never back down,20000000.0,41627431.0,21627431.0,108.137155
the mummy: tomb of the dragon emperor,145000000.0,403449830.0,258449830.0,178.2412620689655
hancock,150000000.0,629443428.0,479443428.0,319.628952
journey to the center of the earth,60000000.0,244232688.0,184232688.0,307.05448
bolt,150000000.0,309979994.0,159979994.0,106.65332933333333
sex drive,19000000.0,18755936.0,-244064.0,-1.2845473684210527
death race,45000000.0,76014335.0,31014335.0,68.92074444444445
the chronicles of narnia: prince caspian,225000000.0,419665568.0,194665568.0,86.51803022222222
pineapple express,27000000.0,101624843.0,74624843.0,276.3883074074074
the boy in the striped pajamas,12500000.0,40416563.0,27916563.0,223.332504
valkyrie,75000000.0,201545517.0,126545517.0,168.727356
27 dresses,30000000.0,162655351.0,132655351.0,442.1845033333334
let the right one in,4000000.0,11227336.0,7227336.0,180.6834
role models,28000000.0,92649419.0,64649419.0,230.89078214285715
defiance,32000000.0,51262751.0,19262751.0,60.196096875
wild child,20000000.0,21972336.0,1972336.0,9.86168
the forbidden kingdom,55000000.0,128792411.0,73792411.0,134.16802
bronson,230000.0,2260712.0,2030712.0,882.9182608695652
australia,130000000.0,211787511.0,81787511.0,62.913470000000004
yes man,70000000.0,223241637.0,153241637.0,218.9166242857143
body of lies,70000000.0,115900897.0,45900897.0,65.57271
disaster movie,20000000.0,34816824.0,14816824.0,74.08412
superhero movie,35000000.0,71571300.0,36571300.0,104.48942857142858
ponyo,34000000.0,204826668.0,170826668.0,502.4313764705882
jumper,85000000.0,225132113.0,140132113.0,164.86130941176472
speed racer,120000000.0,93945766.0,-26054234.0,-21.711861666666664
the bank job,20000000.0,64828421.0,44828421.0,224.14210500000002
street kings,20000000.0,66476363.0,46476363.0,232.38181500000002
get smart,80000000.0,230685453.0,150685453.0,188.35681625
punisher: war zone,35000000.0,10161493.0,-24838507.0,-70.96716285714287
you don't mess with the zohan,90000000.0,204313400.0,114313400.0,127.0148888888889
hellboy ii: the golden army,85000000.0,168319243.0,83319243.0,98.0226388235294
"synecdoche, new york",20000000.0,4658401.0,-15341599.0,-76.707995
marley & me,60000000.0,255743093.0,195743093.0,326.23848833333335
fool's gold,70000000.0,111231041.0,41231041.0,58.90148714285714
the secret life of bees,11000000.0,39952437.0,28952437.0,263.20397272727274
nick and norah's infinite playlist,10000000.0,33556631.0,23556631.0,235.56631000000002
the spiderwick chronicles,90000000.0,164170327.0,74170327.0,82.41147444444444
doomsday,30000000.0,22472631.0,-7527369.0,-25.091229999999996
max payne,35000000.0,87066930.0,52066930.0,148.76265714285714
the day the earth stood still,80000000.0,233093859.0,153093859.0,191.36732375
milk,20000000.0,54589558.0,34589558.0,172.94779
madagascar: escape 2 africa,150000000.0,603900354.0,453900354.0,302.600236
the spirit,60000000.0,39164441.0,-20835559.0,-34.72593166666667
ghost town,20000000.0,27090159.0,7090159.0,35.450795
bottle shock,5000000.0,4629770.0,-370230.0,-7.4046
the rocker,15000000.0,8808935.0,-6191065.0,-41.27376666666667
step up 2: the streets,17500000.0,150988382.0,133488382.0,762.7907542857142
semi-pro,55000000.0,44004502.0,-10995498.0,-19.991814545454545
repo! the genetic opera,8500000.0,188126.0,-8311874.0,-97.78675294117647
outlander,50000000.0,7034698.0,-42965302.0,-85.930604
saw v,10800000.0,113864059.0,103064059.0,954.2968425925926
horton hears a who!,85000000.0,298572799.0,213572799.0,251.26211647058824
the women,16000000.0,50007546.0,34007546.0,212.54716249999998
choke,3000000.0,3982459.0,982459.0,32.74863333333333
doubt,20000000.0,51699984.0,31699984.0,158.49992
bedtime stories,80000000.0,212874864.0,132874864.0,166.09358
"10,000 bc",105000000.0,269784201.0,164784201.0,156.9373342857143
the midnight meat train,15000000.0,3534313.0,-11465687.0,-76.43791333333333
drillbit taylor,40000000.0,49944325.0,9944325.0,24.8608125
made of honor,40000000.0,106407672.0,66407672.0,166.01918
what happens in vegas,35000000.0,219375562.0,184375562.0,526.78732
the brothers bloom,20000000.0,5530764.0,-14469236.0,-72.34618
inkheart,60000000.0,62803180.0,2803180.0,4.671966666666667
appaloosa,20000000.0,27712362.0,7712362.0,38.56181
vantage point,40000000.0,152039882.0,112039882.0,280.099705
w.,25100000.0,29560587.0,4460587.0,17.771262948207173
untraceable,35000000.0,52933513.0,17933513.0,51.23860857142857
sunshine cleaning,8000000.0,16580250.0,8580250.0,107.253125
how to lose friends & alienate people,28000000.0,19152009.0,-8847991.0,-31.599967857142857
transporter 3,30000000.0,108979549.0,78979549.0,263.26516333333336
prom night,20000000.0,57197876.0,37197876.0,185.98938
high school musical 3: senior year,11000000.0,252909177.0,241909177.0,2199.1743363636365
righteous kill,60000000.0,79498846.0,19498846.0,32.49807666666666
leatherheads,58000000.0,41319039.0,-16680961.0,-28.760277586206897
meet the spartans,30000000.0,85897593.0,55897593.0,186.32531
star wars: the clone wars,8500000.0,68282844.0,59782844.0,703.3275764705883
mirrors,35000000.0,78094714.0,43094714.0,123.12775428571427
harold & kumar escape from guantanamo bay,12000000.0,43495888.0,31495888.0,262.46573333333333
baby mama,30000000.0,64444713.0,34444713.0,114.81571
nim's island,37000000.0,100104565.0,63104565.0,170.55287837837838
city of ember,55000000.0,17929684.0,-37070316.0,-67.40057454545455
quarantine,12000000.0,41319906.0,29319906.0,244.33254999999997
bangkok dangerous,45000000.0,42487390.0,-2512610.0,-5.583577777777777
nights in rodanthe,30000000.0,84375346.0,54375346.0,181.25115333333332
four christmases,80000000.0,164112721.0,84112721.0,105.14090125
the sisterhood of the traveling pants 2,27000000.0,44352417.0,17352417.0,64.2682111111111
pride and glory,30000000.0,31200557.0,1200557.0,4.001856666666667
blindness,25000000.0,19844979.0,-5155021.0,-20.620084
che: part one,35000000.0,34209066.0,-790934.0,-2.2598114285714286
strange wilderness,20000000.0,6964734.0,-13035266.0,-65.17633000000001
frost/nixon,25000000.0,27426335.0,2426335.0,9.70534
stop-loss,25000000.0,11212953.0,-13787047.0,-55.148188
two lovers,9800000.0,16303643.0,6503643.0,66.36370408163266
babylon a.d.,70000000.0,72109200.0,2109200.0,3.0131428571428573
the good the bad the weird,10000000.0,44261209.0,34261209.0,342.61208999999997
passengers,25000000.0,5798974.0,-19201026.0,-76.804104
shutter,8000000.0,48555306.0,40555306.0,506.941325
deception,25000000.0,18024545.0,-6975455.0,-27.90182
the eye,12000000.0,58010320.0,46010320.0,383.4193333333333
the love guru,62000000.0,40877556.0,-21122444.0,-34.06845806451613
the informers,18000000.0,382174.0,-17617826.0,-97.87681111111111
the x files: i want to believe,30000000.0,69363381.0,39363381.0,131.21126999999998
wendy and lucy,200000.0,1192995.0,992995.0,496.4975
one missed call,20000000.0,45847751.0,25847751.0,129.238755
transsiberian,15000000.0,5926410.0,-9073590.0,-60.49060000000001
lakeview terrace,20000000.0,44655002.0,24655002.0,123.27501000000001
fireproof,500000.0,33473297.0,32973297.0,6594.6594000000005
traitor,22000000.0,27675014.0,5675014.0,25.795518181818185
my best friend's girl,20000000.0,41624687.0,21624687.0,108.12343499999999
"new york, i love you",14700000.0,14603177.0,-96823.0,-0.6586598639455783
nothing but the truth,11500000.0,409832.0,-11090168.0,-96.43624347826088
cadillac records,12000000.0,8883644.0,-3116356.0,-25.96963333333333
pontypool,1500000.0,32118.0,-1467882.0,-97.8588
beverly hills chihuahua,20000000.0,149292488.0,129292488.0,646.46244
waltz with bashir,1500000.0,11179372.0,9679372.0,645.2914666666667
redbelt,7000000.0,2674090.0,-4325910.0,-61.79871428571428
mad money,22000000.0,26412163.0,4412163.0,20.055286363636363
the burning plain,20000000.0,5642478.0,-14357522.0,-71.78761
brideshead revisited,20000000.0,13451186.0,-6548814.0,-32.74407
the tale of despereaux,60000000.0,86957280.0,26957280.0,44.9288
pathology,8000000.0,3234706.0,-4765294.0,-59.566175
be kind rewind,20000000.0,30579406.0,10579406.0,52.89703
the express,40000000.0,9808124.0,-30191876.0,-75.47969
what just happened,25000000.0,6759057.0,-18240943.0,-72.963772
meet dave,60000000.0,51339567.0,-8660433.0,-14.434055
igor,25000000.0,30893885.0,5893885.0,23.57554
the wackness,6000000.0,3175469.0,-2824531.0,-47.075516666666665
shorts,40000000.0,28972508.0,-11027492.0,-27.568730000000002
frozen river,1000000.0,5457664.0,4457664.0,445.76640000000003
"surfer, dude",6000000.0,52132.0,-5947868.0,-99.13113333333334
"welcome home, roscoe jenkins",35000000.0,43655418.0,8655418.0,24.729765714285715
surveillance,3500000.0,1138322.0,-2361678.0,-67.47651428571429
inglourious basterds,70000000.0,321457747.0,251457747.0,359.22535285714287
star trek,150000000.0,385680446.0,235680446.0,157.12029733333333
avatar,237000000.0,2847246203.0,2610246203.0,1101.3697059071728
jennifer's body,16000000.0,31556061.0,15556061.0,97.22538125
watchmen,130000000.0,185382813.0,55382813.0,42.60216384615384
fast & furious,85000000.0,360366870.0,275366870.0,323.96102352941176
g.i. joe: the rise of cobra,175000000.0,302469017.0,127469017.0,72.83943828571428
the hangover,35000000.0,469310836.0,434310836.0,1240.888102857143
harry potter and the half-blood prince,250000000.0,934454096.0,684454096.0,273.78163839999996
he's just not that into you,40000000.0,178866158.0,138866158.0,347.165395
2012,200000000.0,791217826.0,591217826.0,295.60891300000003
the lovely bones,65000000.0,93621340.0,28621340.0,44.03283076923077
zombieland,23600000.0,102392080.0,78792080.0,333.8647457627119
500 days of summer,7500000.0,60800444.0,53300444.0,710.6725866666667
sherlock holmes,90000000.0,524028679.0,434028679.0,482.2540877777778
district 9,30000000.0,210888950.0,180888950.0,602.9631666666667
the blind side,29000000.0,309208309.0,280208309.0,966.235548275862
up,175000000.0,735099102.0,560099102.0,320.05662971428575
x-men origins: wolverine,150000000.0,373062864.0,223062864.0,148.708576
fantastic mr. fox,40000000.0,46474181.0,6474181.0,16.1854525
brothers,26000000.0,43474578.0,17474578.0,67.20991538461539
fanboys,3900000.0,961203.0,-2938797.0,-75.35376923076923
transformers: revenge of the fallen,200000000.0,836303693.0,636303693.0,318.1518465
up in the air,25000000.0,166842739.0,141842739.0,567.370956
the twilight saga: new moon,50000000.0,711025481.0,661025481.0,1322.050962
antichrist,11000000.0,7413863.0,-3586137.0,-32.60124545454545
friday the 13th,19000000.0,91509154.0,72509154.0,381.62712631578944
the princess and the frog,105000000.0,267045765.0,162045765.0,154.3293
terminator salvation,200000000.0,371353001.0,171353001.0,85.6765005
coraline,60000000.0,124596837.0,64596837.0,107.661395
moon,5000000.0,9760107.0,4760107.0,95.20214
"i love you, man",40000000.0,91980359.0,51980359.0,129.9508975
public enemies,100000000.0,214104620.0,114104620.0,114.10461999999998
law abiding citizen,50000000.0,127944208.0,77944208.0,155.888416
the proposal,40000000.0,317375031.0,277375031.0,693.4375775000001
mr. nobody,47000000.0,3559160.0,-43440840.0,-92.42731914893618
enter the void,16000000.0,775385.0,-15224615.0,-95.15384375
17 again,20000000.0,136316880.0,116316880.0,581.5844000000001
knowing,50000000.0,183658498.0,133658498.0,267.316996
fired up!,20000000.0,18599102.0,-1400898.0,-7.00449
angels & demons,150000000.0,485930816.0,335930816.0,223.95387733333334
the road,25000000.0,27639579.0,2639579.0,10.558316
whip it,15000000.0,16691303.0,1691303.0,11.275353333333333
the secret in their eyes,2000000.0,35079650.0,33079650.0,1653.9825
pandorum,33000000.0,20648328.0,-12351672.0,-37.42930909090909
monsters vs. aliens,175000000.0,381509870.0,206509870.0,118.00564
underworld: rise of the lycans,35000000.0,92158961.0,57158961.0,163.31131714285715
couples retreat,70000000.0,171844840.0,101844840.0,145.49262857142858
ondine,12000000.0,1790061.0,-10209939.0,-85.082825
drag me to hell,30000000.0,90842646.0,60842646.0,202.80882
the last house on the left,15000000.0,45995223.0,30995223.0,206.63482000000002
the girl with the dragon tattoo,13000000.0,104414200.0,91414200.0,703.1861538461538
the stepfather,20000000.0,31198531.0,11198531.0,55.992655
where the wild things are,100000000.0,100140916.0,140916.0,0.140916
sorority row,12500000.0,27206120.0,14706120.0,117.64896
gamer,50000000.0,40828540.0,-9171460.0,-18.34292
the imaginarium of doctor parnassus,30000000.0,61808775.0,31808775.0,106.02925
night at the museum: battle of the smithsonian,150000000.0,413106170.0,263106170.0,175.40411333333333
year one,60000000.0,62357900.0,2357900.0,3.9298333333333333
precious,10000000.0,63649529.0,53649529.0,536.49529
the time traveler's wife,39000000.0,101344412.0,62344412.0,159.85746666666668
cloudy with a chance of meatballs,100000000.0,243006126.0,143006126.0,143.006126
a perfect getaway,14000000.0,22955544.0,8955544.0,63.96817142857143
invictus,60000000.0,122426792.0,62426792.0,104.04465333333333
mother,5000000.0,17203507.0,12203507.0,244.07014
the ugly truth,38000000.0,321682600.0,283682600.0,746.5331578947369
the invention of lying,18500000.0,32406507.0,13906507.0,75.1703081081081
the fourth kind,10000000.0,47719794.0,37719794.0,377.19794
a serious man,7000000.0,31430334.0,24430334.0,349.0047714285714
extract,8000000.0,10848783.0,2848783.0,35.6097875
the collector,6000000.0,10234475.0,4234475.0,70.57458333333332
ninja assassin,40000000.0,61601280.0,21601280.0,54.00319999999999
the men who stare at goats,25000000.0,69095771.0,44095771.0,176.383084
land of the lost,100000000.0,68777554.0,-31222446.0,-31.222445999999998
a single man,7000000.0,24964890.0,17964890.0,256.64128571428574
pirate radio,50000000.0,36348784.0,-13651216.0,-27.302432
dragonball evolution,30000000.0,55720772.0,25720772.0,85.73590666666666
case 39,26000000.0,28190603.0,2190603.0,8.425396153846155
the taking of pelham 123,100000000.0,150166126.0,50166126.0,50.166126
it's complicated,85000000.0,219103655.0,134103655.0,157.76900588235293
halloween ii,15000000.0,39421467.0,24421467.0,162.80978
the final destination,40000000.0,186167139.0,146167139.0,365.4178475
chloe,14000000.0,13657649.0,-342351.0,-2.4453642857142857
agora,70000000.0,39457342.0,-30542658.0,-43.63236857142857
the joneses,10000000.0,7043835.0,-2956165.0,-29.56165
daybreakers,20000000.0,51417188.0,31417188.0,157.08594
an education,7500000.0,26096852.0,18596852.0,247.95802666666668
crazy heart,7000000.0,47405566.0,40405566.0,577.2223714285715
ice age: dawn of the dinosaurs,90000000.0,886686817.0,796686817.0,885.2075744444445
crank: high voltage,20000000.0,34572541.0,14572541.0,72.862705
the international,50000000.0,60253843.0,10253843.0,20.507686
my bloody valentine,15000000.0,100734718.0,85734718.0,571.5647866666667
julie & julia,40000000.0,129540522.0,89540522.0,223.851305
race to witch mountain,65000000.0,106387141.0,41387141.0,63.67252461538462
9,30000000.0,48428063.0,18428063.0,61.426876666666665
the young victoria,35000000.0,29196409.0,-5803591.0,-16.581688571428572
splice,30000000.0,27127620.0,-2872380.0,-9.5746
a prophet,13000000.0,17874044.0,4874044.0,37.49264615384615
my sister's keeper,30000000.0,95714875.0,65714875.0,219.04958333333332
bride wars,30000000.0,115375850.0,85375850.0,284.58616666666666
surrogates,80000000.0,122444772.0,42444772.0,53.05596500000001
funny people,75000000.0,71585235.0,-3414765.0,-4.55302
saw vi,11000000.0,68234154.0,57234154.0,520.3104909090908
fish tank,3000000.0,2404300.0,-595700.0,-19.856666666666666
push,38000000.0,48858618.0,10858618.0,28.57531052631579
after.life,4500000.0,2425535.0,-2074465.0,-46.099222222222224
nine,80000000.0,54004950.0,-25995050.0,-32.493812500000004
obsessed,20000000.0,73830347.0,53830347.0,269.151735
paul blart: mall cop,26000000.0,183348429.0,157348429.0,605.1862653846154
the box,30000000.0,33334176.0,3334176.0,11.11392
everybody's fine,21000000.0,16443609.0,-4556391.0,-21.6971
brüno,42000000.0,138805831.0,96805831.0,230.49007380952384
"i love you, beth cooper",18000000.0,15821907.0,-2178093.0,-12.100516666666666
the unborn,16000000.0,76514050.0,60514050.0,378.2128125
thirst,5000000.0,13085023.0,8085023.0,161.70046
notorious,20000000.0,44420167.0,24420167.0,122.10083499999999
all about steve,15000000.0,40105542.0,25105542.0,167.37028
old dogs,35000000.0,96753696.0,61753696.0,176.43913142857144
the girlfriend experience,1700000.0,1060941.0,-639059.0,-37.59170588235294
ghosts of girlfriends past,37500000.0,102366815.0,64866815.0,172.97817333333333
the haunting in connecticut,10000000.0,77578320.0,67578320.0,675.7832
i love you phillip morris,13000000.0,20768906.0,7768906.0,59.760815384615384
bad lieutenant: port of call new orleans,25000000.0,10606422.0,-14393578.0,-57.574312000000006
black dynamite,2900000.0,296557.0,-2603443.0,-89.77389655172414
brooklyn's finest,17000000.0,45719985.0,28719985.0,168.94108823529413
the white ribbon,18000000.0,19319671.0,1319671.0,7.331505555555555
the boondock saints ii: all saints day,8000000.0,10629321.0,2629321.0,32.8665125
whatever works,15000000.0,36020534.0,21020534.0,140.13689333333332
hannah montana: the movie,30000000.0,155545279.0,125545279.0,418.48426333333333
alvin and the chipmunks: the squeakquel,75000000.0,443140005.0,368140005.0,490.85333999999995
12 rounds,22000000.0,17280326.0,-4719674.0,-21.453063636363638
survival of the dead,4000000.0,386078.0,-3613922.0,-90.34805
fame,18000000.0,77211836.0,59211836.0,328.95464444444445
the house of the devil,900000.0,101215.0,-798785.0,-88.7538888888889
middle men,20000000.0,754301.0,-19245699.0,-96.22849500000001
astro boy,65000000.0,39886986.0,-25113014.0,-38.635406153846155
my life in ruins,17000000.0,20458873.0,3458873.0,20.34631176470588
g-force,150000000.0,292817898.0,142817898.0,95.211932
did you hear about the morgans?,58000000.0,85280250.0,27280250.0,47.03491379310345
away we go,17000000.0,15779455.0,-1220545.0,-7.179676470588235
love happens,18000000.0,36088028.0,18088028.0,100.48904444444445
youth in revolt,18000000.0,19651093.0,1651093.0,9.172738888888889
observe and report,18000000.0,26973554.0,8973554.0,49.85307777777778
bright star,8500000.0,14374652.0,5874652.0,69.11355294117647
harry brown,7300000.0,10371451.0,3071451.0,42.07467123287672
duplicity,60000000.0,78176181.0,18176181.0,30.293635000000002
the pink panther 2,70000000.0,76025134.0,6025134.0,8.607334285714286
the informant!,22000000.0,41771168.0,19771168.0,89.86894545454545
planet 51,70000000.0,105647102.0,35647102.0,50.924431428571424
crossing over,19000000.0,3676533.0,-15323467.0,-80.64982631578947
a christmas carol,200000000.0,325286646.0,125286646.0,62.643322999999995
city island,6000000.0,7878856.0,1878856.0,31.31426666666667
coco before chanel,23000000.0,50812934.0,27812934.0,120.9258
dead snow,800000.0,2166797.0,1366797.0,170.849625
the messenger,6500000.0,1595417.0,-4904583.0,-75.45512307692309
the soloist,60000000.0,38332994.0,-21667006.0,-36.11167666666667
whiteout,35000000.0,17976667.0,-17023333.0,-48.63809428571428
beyond a reasonable doubt,25000000.0,4515258.0,-20484742.0,-81.938968
the secret of kells,8000000.0,1803412.0,-6196588.0,-77.45735
the disappearance of alice creed,800000.0,896919.0,96919.0,12.114875
"the goods: live hard, sell hard",10000000.0,15300885.0,5300885.0,53.008849999999995
miss march,6000000.0,4591629.0,-1408371.0,-23.47285
cirque du freak: the vampire's assistant,40000000.0,39291383.0,-708617.0,-1.7715425
aliens in the attic,45000000.0,57881056.0,12881056.0,28.62456888888889
street fighter: the legend of chun-li,18000000.0,12764201.0,-5235799.0,-29.087772222222224
broken embraces,18000000.0,37472736.0,19472736.0,108.18186666666666
the damned united,10000000.0,4091378.0,-5908622.0,-59.08622
gentlemen broncos,10000000.0,118492.0,-9881508.0,-98.81508
chéri,23000000.0,9368242.0,-13631758.0,-59.268513043478265
tanner hall,3000000.0,5073.0,-2994927.0,-99.8309
[rec]²,5600000.0,18853164.0,13253164.0,236.66364285714286
inception,160000000.0,836836967.0,676836967.0,423.023104375
iron man 2,200000000.0,623933331.0,423933331.0,211.9666655
shutter island,80000000.0,294805697.0,214805697.0,268.50712125
scott pilgrim vs. the world,60000000.0,48917974.0,-11082026.0,-18.470043333333333
grown ups,80000000.0,271457301.0,191457301.0,239.32162625
she's out of my league,20000000.0,49779728.0,29779728.0,148.89864
kick-ass,30000000.0,96188903.0,66188903.0,220.62967666666665
black swan,13000000.0,329398046.0,316398046.0,2433.831123076923
the town,37000000.0,154026136.0,117026136.0,316.28685405405406
flipped,14000000.0,4324817.0,-9675183.0,-69.10845
the social network,40000000.0,224920375.0,184920375.0,462.3009375
robin hood,200000000.0,321669741.0,121669741.0,60.83487050000001
monsters,500000.0,5060438.0,4560438.0,912.0876000000001
insidious,1500000.0,99557032.0,98057032.0,6537.135466666667
tangled,260000000.0,592462816.0,332462816.0,127.87031384615383
red,58000000.0,199006387.0,141006387.0,243.1144603448276
i spit on your grave,2000000.0,1278650.0,-721350.0,-36.0675
the last airbender,150000000.0,319713881.0,169713881.0,113.14258733333334
how to train your dragon,165000000.0,494879471.0,329879471.0,199.9269521212121
the american,20000000.0,67876281.0,47876281.0,239.381405
incendies,6800000.0,7099598.0,299598.0,4.40585294117647
sex and the city 2,100000000.0,290745055.0,190745055.0,190.745055
burlesque,55000000.0,89520336.0,34520336.0,62.76424727272727
alice in wonderland,200000000.0,1025468216.0,825468216.0,412.734108
despicable me,69000000.0,543113985.0,474113985.0,687.1217173913044
love & other drugs,30000000.0,102820008.0,72820008.0,242.73335999999998
true grit,38000000.0,252276927.0,214276927.0,563.88665
the tourist,100000000.0,278780441.0,178780441.0,178.780441
the twilight saga: eclipse,68000000.0,698491347.0,630491347.0,927.1931573529411
percy jackson & the olympians: the lightning thief,95000000.0,226497209.0,131497209.0,138.4181147368421
clash of the titans,125000000.0,493214993.0,368214993.0,294.5719944
the book of eli,80000000.0,157107755.0,77107755.0,96.38469375
blue valentine,1000000.0,15440333.0,14440333.0,1444.0333
knight and day,117000000.0,261989769.0,144989769.0,123.92287948717949
piranha 3d,24000000.0,83188165.0,59188165.0,246.61735416666664
127 hours,18000000.0,60738797.0,42738797.0,237.43776111111112
the expendables,80000000.0,274470394.0,194470394.0,243.0879925
the other guys,100000000.0,170458922.0,70458922.0,70.458922
tron: legacy,170000000.0,400063852.0,230063852.0,135.33167764705883
life as we know it,38000000.0,105734416.0,67734416.0,178.24846315789472
toy story 3,200000000.0,1066970811.0,866970811.0,433.4854055
the next three days,30000000.0,67448651.0,37448651.0,124.82883666666666
easy a,8000000.0,75026327.0,67026327.0,837.8290874999999
the king's speech,15000000.0,427374317.0,412374317.0,2749.1621133333333
the fighter,25000000.0,129190869.0,104190869.0,416.763476
machete,10500000.0,45491656.0,34991656.0,333.2538666666667
the debt,20000000.0,45636368.0,25636368.0,128.18184
megamind,130000000.0,321885765.0,191885765.0,147.6044346153846
the losers,25000000.0,29397654.0,4397654.0,17.590616
unstoppable,100000000.0,167805466.0,67805466.0,67.80546600000001
the karate kid,40000000.0,359126022.0,319126022.0,797.8150549999999
eat pray love,60000000.0,204594016.0,144594016.0,240.99002666666664
centurion,12000000.0,6890432.0,-5109568.0,-42.57973333333334
the a-team,110000000.0,177238796.0,67238796.0,61.12617818181818
hot tub time machine,36000000.0,64780213.0,28780213.0,79.94503611111111
prince of persia: the sands of time,200000000.0,336365676.0,136365676.0,68.182838
diary of a wimpy kid,15000000.0,76196538.0,61196538.0,407.97692
never let me go,15000000.0,9918093.0,-5081907.0,-33.87938
predators,40000000.0,127233108.0,87233108.0,218.08277
buried,3000000.0,19439764.0,16439764.0,547.9921333333333
legion,26000000.0,67918658.0,41918658.0,161.2256076923077
remember me,16000000.0,56032889.0,40032889.0,250.20555624999997
jonah hex,47000000.0,10903312.0,-36096688.0,-76.80146382978722
salt,110000000.0,293503354.0,183503354.0,166.8212309090909
morning glory,40000000.0,60040976.0,20040976.0,50.10244
winter's bone,2000000.0,13796834.0,11796834.0,589.8417000000001
a nightmare on elm street,35000000.0,115695182.0,80695182.0,230.55766285714284
resident evil: afterlife,60000000.0,300228084.0,240228084.0,400.38014000000004
takers,32000000.0,80205382.0,48205382.0,150.64181875
the way back,30000000.0,24172201.0,-5827799.0,-19.425996666666666
killers,75000000.0,98159963.0,23159963.0,30.879950666666666
due date,65000000.0,211780824.0,146780824.0,225.81665230769232
devil,10000000.0,62695489.0,52695489.0,526.95489
green zone,100000000.0,154711438.0,54711438.0,54.711438
faster,24000000.0,35626958.0,11626958.0,48.445658333333334
super,2500000.0,422618.0,-2077382.0,-83.09528
it's kind of a funny story,8000000.0,6491240.0,-1508760.0,-18.8595
the crazies,20000000.0,54806823.0,34806823.0,174.03411499999999
shrek forever after,165000000.0,752600867.0,587600867.0,356.1217375757576
the chronicles of narnia: the voyage of the dawn treader,155000000.0,415686217.0,260686217.0,168.18465612903225
let me in,20000000.0,27093592.0,7093592.0,35.46796
the kids are all right,4000000.0,34758951.0,30758951.0,768.973775
date night,55000000.0,152263880.0,97263880.0,176.84341818181818
leap year,19000000.0,32686500.0,13686500.0,72.03421052631579
little fockers,100000000.0,310650585.0,210650585.0,210.650585
the runaways,10000000.0,4681651.0,-5318349.0,-53.18349
the sorcerer's apprentice,150000000.0,215283742.0,65283742.0,43.52249466666667
macgruber,10000000.0,9322895.0,-677105.0,-6.771050000000001
the ghost writer,45000000.0,60331447.0,15331447.0,34.06988222222222
skyline,10000000.0,66984887.0,56984887.0,569.84887
edge of darkness,80000000.0,81126522.0,1126522.0,1.4081525
ramona and beezus,15000000.0,27293743.0,12293743.0,81.95828666666667
valentine's day,52000000.0,216485654.0,164485654.0,316.3185653846154
letters to juliet,30000000.0,79628830.0,49628830.0,165.42943333333332
dear john,25000000.0,114984666.0,89984666.0,359.938664
get him to the greek,40000000.0,91720255.0,51720255.0,129.3006375
dinner for schmucks,69000000.0,86855739.0,17855739.0,25.87788260869565
how do you know,120000000.0,48668907.0,-71331093.0,-59.442577500000006
the secret world of arrietty,23000000.0,149411550.0,126411550.0,549.6154347826086
gulliver's travels,112000000.0,237382724.0,125382724.0,111.94886071428571
tooth fairy,48000000.0,112462508.0,64462508.0,134.29689166666668
the switch,19000000.0,49843011.0,30843011.0,162.33163684210524
step up,30000000.0,159291809.0,129291809.0,430.9726966666667
wall street: money never sleeps,70000000.0,134748021.0,64748021.0,92.49717285714286
the last song,20000000.0,89137047.0,69137047.0,345.68523500000003
cop out,30000000.0,55611001.0,25611001.0,85.37000333333333
rubber,500000.0,101729.0,-398271.0,-79.6542
you again,20000000.0,32054369.0,12054369.0,60.271845
the bounty hunter,40000000.0,136333522.0,96333522.0,240.83380499999998
from paris with love,52000000.0,52844496.0,844496.0,1.6240307692307692
13 assassins,6000000.0,18689058.0,12689058.0,211.4843
nanny mcphee returns,35000000.0,93251121.0,58251121.0,166.43177428571428
wild target,8000000.0,3494154.0,-4505846.0,-56.323075
when in rome,55000000.0,43053376.0,-11946624.0,-21.721134545454547
going the distance,32000000.0,42059111.0,10059111.0,31.434721874999997
somewhere,7000000.0,14788642.0,7788642.0,111.2663142857143
secretariat,35000000.0,60321861.0,25321861.0,72.34817428571428
death at a funeral,21000000.0,49050886.0,28050886.0,133.5756476190476
the spy next door,28000000.0,66166000.0,38166000.0,136.30714285714285
hereafter,50000000.0,106956330.0,56956330.0,113.91266
repo men,32000000.0,18409891.0,-13590109.0,-42.469090625
vampires suck,20000000.0,80547866.0,60547866.0,302.73933
twelve,5000000.0,2648195.0,-2351805.0,-47.0361
beginners,3200000.0,14311701.0,11111701.0,347.24065625
legend of the guardians: the owls of ga'hoole,80000000.0,140073390.0,60073390.0,75.0917375
rabbit hole,5000000.0,5144717.0,144717.0,2.89434
meek's cutoff,2000000.0,1205257.0,-794743.0,-39.73715
conviction,12500000.0,11104555.0,-1395445.0,-11.16356
trust,4000000.0,595802.0,-3404198.0,-85.10495
my name is khan,12000000.0,42345360.0,30345360.0,252.878
the company men,15000000.0,8087000.0,-6913000.0,-46.086666666666666
cyrus,7000000.0,9933873.0,2933873.0,41.91247142857143
paranormal activity 2,3000000.0,177512032.0,174512032.0,5817.067733333333
the killer inside me,13000000.0,4052191.0,-8947809.0,-68.8293
the extra man,7000000.0,649626.0,-6350374.0,-90.71962857142857
stone,22000000.0,10300416.0,-11699584.0,-53.17992727272727
why did i get married too?,20000000.0,60673972.0,40673972.0,203.36986000000002
the last exorcism,1800000.0,69432527.0,67632527.0,3757.362611111111
dirty girl,4000000.0,143485.0,-3856515.0,-96.412875
london boulevard,25000000.0,8307227.0,-16692773.0,-66.771092
fair game,22000000.0,25806953.0,3806953.0,17.30433181818182
the back-up plan,35000000.0,77477008.0,42477008.0,121.36287999999999
don't be afraid of the dark,25000000.0,38269529.0,13269529.0,53.078115999999994
country strong,15000000.0,20529194.0,5529194.0,36.861293333333336
charlie st. cloud,44000000.0,48190704.0,4190704.0,9.524327272727273
stake land,650000.0,405380.0,-244620.0,-37.63384615384616
vanishing on 7th street,10000000.0,1671196.0,-8328804.0,-83.28804
barney's version,30000000.0,12106921.0,-17893079.0,-59.64359666666667
you will meet a tall dark stranger,22000000.0,36015260.0,14015260.0,63.70572727272727
the conspirator,25000000.0,15625544.0,-9374456.0,-37.497824
furry vengeance,35000000.0,36351945.0,1351945.0,3.8627000000000002
the tempest,20000000.0,405861.0,-19594139.0,-97.97069499999999
henry's crime,12000000.0,2169799.0,-9830201.0,-81.91834166666668
extraordinary measures,31000000.0,15134293.0,-15865707.0,-51.1797
yogi bear,80000000.0,203509374.0,123509374.0,154.3867175
my soul to take,25000000.0,21500813.0,-3499187.0,-13.996748
the warrior's way,42000000.0,11103434.0,-30896566.0,-73.56325238095238
hatchet ii,800000.0,156190.0,-643810.0,-80.47625000000001
hesher,7000000.0,449702.0,-6550298.0,-93.57568571428571
for colored girls,21000000.0,37981984.0,16981984.0,80.86659047619048
the perfect host,500000.0,453708.0,-46292.0,-9.2584
love ranch,25000000.0,146149.0,-24853851.0,-99.415404
passion play,8000000.0,25603.0,-7974397.0,-99.6799625
everything must go,5000000.0,2820490.0,-2179510.0,-43.5902
captain america: the first avenger,140000000.0,370569774.0,230569774.0,164.69269571428572
thor,150000000.0,449326618.0,299326618.0,199.55107866666665
harry potter and the deathly hallows: part 2,125000000.0,1342321665.0,1217321665.0,973.857332
take shelter,5000000.0,3741098.0,-1258902.0,-25.178040000000003
bridesmaids,32500000.0,288383523.0,255883523.0,787.3339169230769
fast five,125000000.0,626137675.0,501137675.0,400.91013999999996
midnight in paris,17000000.0,151653750.0,134653750.0,792.0808823529412
moneyball,50000000.0,110206216.0,60206216.0,120.412432
the girl with the dragon tattoo,90000000.0,232617430.0,142617430.0,158.4638111111111
just go with it,80000000.0,214945591.0,134945591.0,168.68198875
drive,15000000.0,77187281.0,62187281.0,414.5818733333333
green lantern,200000000.0,219851172.0,19851172.0,9.925586000000001
the cabin in the woods,30000000.0,69935600.0,39935600.0,133.11866666666668
the help,25000000.0,216639112.0,191639112.0,766.5564479999999
"crazy, stupid, love.",50000000.0,145051197.0,95051197.0,190.102394
no strings attached,25000000.0,149228077.0,124228077.0,496.912308
pirates of the caribbean: on stranger tides,250000000.0,1045713802.0,795713802.0,318.2855208
sucker punch,82000000.0,89792502.0,7792502.0,9.503051219512196
warrior,25000000.0,23308615.0,-1691385.0,-6.7655400000000006
kung fu panda 2,150000000.0,665692281.0,515692281.0,343.794854
friends with benefits,35000000.0,149542245.0,114542245.0,327.2635571428571
immortals,75000000.0,226904017.0,151904017.0,202.5386893333333
x-men: first class,160000000.0,352616690.0,192616690.0,120.38543125000001
contagion,60000000.0,136515867.0,76515867.0,127.52644500000001
bad teacher,20000000.0,216197492.0,196197492.0,980.98746
in time,40000000.0,173930596.0,133930596.0,334.82649000000004
one day,15000000.0,59389433.0,44389433.0,295.92955333333333
scream 4,40000000.0,97231420.0,57231420.0,143.07855
shame,6500000.0,19123767.0,12623767.0,194.2118
mission: impossible - ghost protocol,145000000.0,694713380.0,549713380.0,379.11267586206895
super 8,50000000.0,260095986.0,210095986.0,420.191972
we need to talk about kevin,7000000.0,9232318.0,2232318.0,31.89025714285714
limitless,27000000.0,161849455.0,134849455.0,499.4424259259259
unknown,30000000.0,135710029.0,105710029.0,352.3667633333333
transformers: dark of the moon,195000000.0,1123794079.0,928794079.0,476.30465589743596
cowboys & aliens,163000000.0,174822325.0,11822325.0,7.2529601226993865
the twilight saga: breaking dawn - part 1,110000000.0,712205856.0,602205856.0,547.4598690909091
conan the barbarian,90000000.0,63523283.0,-26476717.0,-29.418574444444445
cars 2,200000000.0,559852396.0,359852396.0,179.926198
rango,135000000.0,245724603.0,110724603.0,82.01822444444444
melancholia,7400000.0,17039814.0,9639814.0,130.26775675675674
source code,32000000.0,147332697.0,115332697.0,360.41467812499997
real steel,110000000.0,299268508.0,189268508.0,172.06228
horrible bosses,35000000.0,209838559.0,174838559.0,499.53874
rio,90000000.0,483866518.0,393866518.0,437.6294644444444
sherlock holmes: a game of shadows,125000000.0,543848418.0,418848418.0,335.0787344
the three musketeers,75000000.0,132274484.0,57274484.0,76.36597866666666
tower heist,75000000.0,152930623.0,77930623.0,103.90749733333334
paul,40000000.0,97984015.0,57984015.0,144.9600375
we bought a zoo,50000000.0,120081841.0,70081841.0,140.163682
rise of the planet of the apes,93000000.0,481800873.0,388800873.0,418.06545483870974
your highness,49900000.0,28013733.0,-21886267.0,-43.860254509018034
the lincoln lawyer,40000000.0,86752352.0,46752352.0,116.88088
colombiana,40000000.0,71508440.0,31508440.0,78.7711
larry crowne,30000000.0,75055070.0,45055070.0,150.18356666666665
abduction,35000000.0,82087155.0,47087155.0,134.53472857142856
a separation,500000.0,22926076.0,22426076.0,4485.2152
hugo,150000000.0,185770310.0,35770310.0,23.84687333333333
the adjustment bureau,50200000.0,127869379.0,77669379.0,154.71987848605576
the tree of life,32000000.0,58409247.0,26409247.0,82.528896875
killer joe,11000000.0,4633668.0,-6366332.0,-57.87574545454546
kill the irishman,12000000.0,1188194.0,-10811806.0,-90.09838333333333
war horse,66000000.0,177584879.0,111584879.0,169.0679984848485
the change-up,52000000.0,75450437.0,23450437.0,45.09699423076923
the raid: redemption,1100000.0,9148519.0,8048519.0,731.6835454545455
margin call,3500000.0,19504039.0,16004039.0,457.2582571428572
hanna,30000000.0,63782078.0,33782078.0,112.60692666666668
50/50,8000000.0,41097853.0,33097853.0,413.7231625
the descendants,20000000.0,177243185.0,157243185.0,786.2159250000001
the adventures of tintin,135000000.0,373993951.0,238993951.0,177.03255629629632
the darkest hour,30000000.0,64626786.0,34626786.0,115.42262000000001
final destination 5,40000000.0,157887643.0,117887643.0,294.7191075
i am number four,60000000.0,149878437.0,89878437.0,149.797395
footloose,24000000.0,63543328.0,39543328.0,164.76386666666667
you're next,1000000.0,26895481.0,25895481.0,2589.5481
the thing,38000000.0,31505287.0,-6494713.0,-17.09135
drive angry,50000000.0,40909909.0,-9090091.0,-18.180182000000002
jack and jill,79000000.0,149673788.0,70673788.0,89.4604911392405
zookeeper,80000000.0,169852759.0,89852759.0,112.31594874999999
the hangover part ii,80000000.0,586764305.0,506764305.0,633.4553812500001
hall pass,36000000.0,86157237.0,50157237.0,139.32565833333334
the best exotic marigold hotel,10000000.0,136836272.0,126836272.0,1268.36272
the grey,25000000.0,79781695.0,54781695.0,219.12678
the sitter,25000000.0,34942188.0,9942188.0,39.768752
take me home tonight,23000000.0,7550073.0,-15449927.0,-67.17359565217392
the mechanic,40000000.0,76130093.0,36130093.0,90.3252325
ghost rider: spirit of vengeance,57000000.0,132563930.0,75563930.0,132.56829824561402
battle los angeles,70000000.0,211819354.0,141819354.0,202.59907714285714
the green hornet,120000000.0,227817248.0,107817248.0,89.84770666666667
killer elite,70000000.0,57084522.0,-12915478.0,-18.45068285714286
shark night,25000000.0,41363927.0,16363927.0,65.455708
j. edgar,35000000.0,84920539.0,49920539.0,142.63011142857144
dream house,50000000.0,39984400.0,-10015600.0,-20.0312
haywire,23000000.0,34513760.0,11513760.0,50.05982608695653
the muppets,45000000.0,165184237.0,120184237.0,267.0760822222222
the smurfs,110000000.0,563749323.0,453749323.0,412.4993845454545
the ides of march,12500000.0,76338111.0,63838111.0,510.704888
fright night,30000000.0,41002607.0,11002607.0,36.675356666666666
soul surfer,18000000.0,47120948.0,29120948.0,161.78304444444444
the artist,15000000.0,133432856.0,118432856.0,789.5523733333333
water for elephants,38000000.0,117094902.0,79094902.0,208.1444789473684
the snowtown murders,2000000.0,1349387.0,-650613.0,-32.53065
something borrowed,35000000.0,65100369.0,30100369.0,86.00105428571429
priest,60000000.0,78309505.0,18309505.0,30.515841666666667
johnny english reborn,45000000.0,160078586.0,115078586.0,255.73019111111114
bucky larson: born to be a star,10000000.0,2530394.0,-7469606.0,-74.69606
diary of a wimpy kid: rodrick rules,21000000.0,72526996.0,51526996.0,245.3666476190476
carnage,25000000.0,30722632.0,5722632.0,22.890528
attack the block,13000000.0,6206022.0,-6793978.0,-52.261369230769226
the guard,6000000.0,19561904.0,13561904.0,226.03173333333336
young adult,12000000.0,22939027.0,10939027.0,91.15855833333333
the devil's double,19100000.0,5728213.0,-13371787.0,-70.0093560209424
another earth,100000.0,1938783.0,1838783.0,1838.7830000000001
like crazy,250000.0,3852409.0,3602409.0,1440.9636
what's your number?,20000000.0,30426096.0,10426096.0,52.13048
gnomeo & juliet,36000000.0,193967670.0,157967670.0,438.79908333333333
puss in boots,130000000.0,554987477.0,424987477.0,326.9134438461538
beastly,17000000.0,43202283.0,26202283.0,154.13107647058823
bernie,5000000.0,10173061.0,5173061.0,103.46122
season of the witch,40000000.0,91627228.0,51627228.0,129.06807
silent house,2000000.0,16527747.0,14527747.0,726.38735
winnie the pooh,30000000.0,49871429.0,19871429.0,66.23809666666666
hobo with a shotgun,3000000.0,748453.0,-2251547.0,-75.05156666666667
the eagle,25000000.0,37989684.0,12989684.0,51.958736
the rum diary,45000000.0,30134958.0,-14865042.0,-33.033426666666664
spy kids 4-d: all the time in the world,27000000.0,85564310.0,58564310.0,216.90485185185184
the divide,3000000.0,145676.0,-2854324.0,-95.14413333333334
red riding hood,42000000.0,90260376.0,48260376.0,114.90565714285714
the roommate,16000000.0,40492652.0,24492652.0,153.079075
monte carlo,20000000.0,39782683.0,19782683.0,98.913415
the rite,37000000.0,96560591.0,59560591.0,160.97457027027028
new year's eve,56000000.0,142044638.0,86044638.0,153.65113928571427
sound of my voice,135000.0,424088.0,289088.0,214.13925925925926
w.e.,15000000.0,2042203.0,-12957797.0,-86.38531333333333
extremely loud & incredibly close,40000000.0,55247881.0,15247881.0,38.1197025
alvin and the chipmunks: chipwrecked,75000000.0,342695435.0,267695435.0,356.9272466666667
our idiot brother,5000000.0,25804448.0,20804448.0,416.08896
sanctum,30000000.0,108609310.0,78609310.0,262.0310333333333
the big year,41000000.0,8179416.0,-32820584.0,-80.05020487804877
straw dogs,25000000.0,11168712.0,-13831288.0,-55.325152
red state,4000000.0,1874460.0,-2125540.0,-53.1385
trespass,35000000.0,10117966.0,-24882034.0,-71.09152571428572
machine gun preacher,30000000.0,3338690.0,-26661310.0,-88.87103333333334
from up on poppy hill,22000000.0,61487846.0,39487846.0,179.4902090909091
30 minutes or less,28000000.0,40662632.0,12662632.0,45.223685714285715
the iron lady,13000000.0,115890699.0,102890699.0,791.4669153846154
your sister's sister,125000.0,3242802.0,3117802.0,2494.2416000000003
mr. popper's penguins,55000000.0,187361754.0,132361754.0,240.65773454545453
courageous,2000000.0,35185884.0,33185884.0,1659.2942
jin ling shi san chai,94000000.0,2855644.0,-91144356.0,-96.96208085106383
apollo 18,5000000.0,26236153.0,21236153.0,424.72306
anonymous,30000000.0,15395087.0,-14604913.0,-48.68304333333333
hop,63000000.0,183954145.0,120954145.0,191.99070634920633
atlas shrugged: part i,20000000.0,4627375.0,-15372625.0,-76.863125
happy feet two,135000000.0,159197038.0,24197038.0,17.92373185185185
the beaver,21000000.0,7294800.0,-13705200.0,-65.26285714285714
rockstar,10920000.0,11219667.0,299667.0,2.7442032967032968
"big mommas: like father, like son",32000000.0,82686066.0,50686066.0,158.39395625
the dilemma,70000000.0,69721966.0,-278034.0,-0.39719142857142853
dolphin tale,37000000.0,95943453.0,58943453.0,159.30662972972974
the avengers,220000000.0,1518815515.0,1298815515.0,590.3706886363636
django unchained,100000000.0,426074373.0,326074373.0,326.07437300000004
the hobbit: an unexpected journey,180000000.0,1017003568.0,837003568.0,465.00198222222224
the hunger games,78000000.0,694394724.0,616394724.0,790.2496461538462
the dark knight rises,250000000.0,1081142612.0,831142612.0,332.4570448
pitch perfect,17000000.0,115350426.0,98350426.0,578.5319176470588
this is 40,35000000.0,88215156.0,53215156.0,152.04330285714286
the hunt,3800000.0,15843274.0,12043274.0,316.9282631578947
prometheus,130000000.0,403354469.0,273354469.0,210.27266846153844
moonrise kingdom,16000000.0,68264022.0,52264022.0,326.65013749999997
the impossible,45000000.0,198087212.0,153087212.0,340.1938044444444
argo,44500000.0,232325503.0,187825503.0,422.07978202247193
the twilight saga: breaking dawn - part 2,120000000.0,829747654.0,709747654.0,591.4563783333333
jack reacher,60000000.0,218340595.0,158340595.0,263.9009916666667
zero dark thirty,40000000.0,132820716.0,92820716.0,232.05179
cloud atlas,102000000.0,130482868.0,28482868.0,27.924380392156863
skyfall,200000000.0,1108569499.0,908569499.0,454.28474950000003
the perks of being a wallflower,13000000.0,33384127.0,20384127.0,156.80097692307692
the amazing spider-man,230000000.0,757930663.0,527930663.0,229.53507086956523
les misérables,61000000.0,441809770.0,380809770.0,624.2783114754099
silver linings playbook,21000000.0,236412453.0,215412453.0,1025.7735857142857
snow white and the huntsman,170000000.0,396592829.0,226592829.0,133.2898994117647
the master,32000000.0,28258060.0,-3741940.0,-11.6935625
looper,30000000.0,176506819.0,146506819.0,488.35606333333334
killing them softly,15000000.0,37930465.0,22930465.0,152.86976666666666
flight,31000000.0,161772375.0,130772375.0,421.84637096774196
21 jump street,42000000.0,201585328.0,159585328.0,379.96506666666664
ted,50000000.0,549368315.0,499368315.0,998.73663
sinister,3000000.0,82515113.0,79515113.0,2650.5037666666667
this means war,65000000.0,156491279.0,91491279.0,140.75581384615384
that's my boy,70000000.0,57719093.0,-12280907.0,-17.54415285714286
lincoln,65000000.0,275293450.0,210293450.0,323.5283846153846
brave,185000000.0,538983207.0,353983207.0,191.34227405405406
the place beyond the pines,15000000.0,47052899.0,32052899.0,213.6859933333333
dredd,50000000.0,41037742.0,-8962258.0,-17.924515999999997
dark shadows,150000000.0,245527149.0,95527149.0,63.684766
john carter,250000000.0,284139100.0,34139100.0,13.65564
battleship,209000000.0,303025485.0,94025485.0,44.98827033492823
magic mike,7000000.0,167739961.0,160739961.0,2296.2851571428573
hotel transylvania,85000000.0,358375603.0,273375603.0,321.61835647058825
lawless,26000000.0,55404207.0,29404207.0,113.09310384615385
spring breakers,5000000.0,32170399.0,27170399.0,543.4079800000001
underworld: awakening,70000000.0,160112671.0,90112671.0,128.73238714285716
piranha 3dd,5000000.0,8518634.0,3518634.0,70.37268
safe house,85000000.0,208076205.0,123076205.0,144.79553529411763
seeking a friend for the end of the world,10000000.0,11681781.0,1681781.0,16.81781
the bourne legacy,125000000.0,276144750.0,151144750.0,120.91579999999999
abraham lincoln: vampire hunter,69000000.0,116471580.0,47471580.0,68.79939130434782
wreck-it ralph,165000000.0,471222889.0,306222889.0,185.5896296969697
total recall,125000000.0,198467168.0,73467168.0,58.7737344
project x,12000000.0,102731865.0,90731865.0,756.098875
american reunion,50000000.0,234989584.0,184989584.0,369.979168
savages,45000000.0,82966152.0,37966152.0,84.36922666666666
life of pi,120000000.0,609016565.0,489016565.0,407.51380416666666
anna karenina,40600000.0,68929150.0,28329150.0,69.77623152709359
resident evil: retribution,65000000.0,240159255.0,175159255.0,269.4757769230769
men in black 3,225000000.0,624026776.0,399026776.0,177.34523377777776
journey 2: the mysterious island,79000000.0,335260290.0,256260290.0,324.3801139240506
seven psychopaths,15000000.0,32226382.0,17226382.0,114.84254666666666
rock of ages,75000000.0,59418613.0,-15581387.0,-20.775182666666666
the dictator,65000000.0,179379533.0,114379533.0,175.9685123076923
the watch,68000000.0,68267862.0,267862.0,0.3939147058823529
the expendables 2,100000000.0,314975955.0,214975955.0,214.97595500000003
safety not guaranteed,750000.0,4424699.0,3674699.0,489.9598666666667
chronicle,12000000.0,126636097.0,114636097.0,955.3008083333333
red dawn,65000000.0,50950296.0,-14049704.0,-21.61492923076923
end of watch,7000000.0,55078146.0,48078146.0,686.8306571428571
wrath of the titans,150000000.0,301970083.0,151970083.0,101.31338866666665
mud,10000000.0,32613173.0,22613173.0,226.13173
the lorax,70000000.0,348840316.0,278840316.0,398.34330857142857
man on a ledge,42000000.0,47636031.0,5636031.0,13.41912142857143
diary of a wimpy kid: dog days,22000000.0,77229695.0,55229695.0,251.0440681818182
the lucky one,25000000.0,99357138.0,74357138.0,297.428552
rise of the guardians,145000000.0,306941670.0,161941670.0,111.68391034482758
the iceman,10000000.0,4552970.0,-5447030.0,-54.4703
maniac,6000000.0,2631275.0,-3368725.0,-56.14541666666667
madagascar 3: europe's most wanted,145000000.0,746921274.0,601921274.0,415.11812
the five-year engagement,30000000.0,54169363.0,24169363.0,80.56454333333333
house at the end of the street,10000000.0,44287131.0,34287131.0,342.87131
the sessions,1000000.0,10656155.0,9656155.0,965.6155
the woman in black,17000000.0,128955898.0,111955898.0,658.5641058823529
the three stooges,30000000.0,54819301.0,24819301.0,82.73100333333333
think like a man,12000000.0,96070507.0,84070507.0,700.5875583333333
the vow,30000000.0,196114570.0,166114570.0,553.7152333333333
taken 2,45000000.0,376152455.0,331152455.0,735.8943444444445
compliance,270000.0,592116.0,322116.0,119.30222222222223
the company you keep,2000000.0,20014680.0,18014680.0,900.7339999999999
hit and run,2000000.0,16816647.0,14816647.0,740.83235
act of valor,12000000.0,82499399.0,70499399.0,587.4949916666667
passion,20000000.0,713616.0,-19286384.0,-96.43192
on the road,25000000.0,9617377.0,-15382623.0,-61.530492
bullet to the head,45000000.0,21947209.0,-23052791.0,-51.22842444444444
lol,11000000.0,10578643.0,-421357.0,-3.8305181818181824
the first time,2000000.0,92654.0,-1907346.0,-95.3673
ice age: continental drift,95000000.0,877244782.0,782244782.0,823.4155599999999
no one lives,2900000.0,1048704.0,-1851296.0,-63.83779310344827
mirror mirror,85000000.0,183018522.0,98018522.0,115.31590823529412
about cherry,2500000.0,8315.0,-2491685.0,-99.6674
hitchcock,15700000.0,27039669.0,11339669.0,72.22719108280255
the lords of salem,1500000.0,1544989.0,44989.0,2.9992666666666667
step up revolution,33000000.0,140470746.0,107470746.0,325.6689272727273
ruby sparks,8000000.0,9368803.0,1368803.0,17.1100375
the paperboy,12500000.0,3783865.0,-8716135.0,-69.72908
the possession,14000000.0,85446075.0,71446075.0,510.3291071428571
silent hill: revelation,20000000.0,55362705.0,35362705.0,176.813525
safe,30000000.0,41564670.0,11564670.0,38.5489
the brass teapot,900000.0,245027.0,-654973.0,-72.77477777777777
alex cross,35000000.0,34618867.0,-381133.0,-1.0889514285714286
amour,8900000.0,29664140.0,20764140.0,233.30494382022474
what to expect when you're expecting,40000000.0,84384002.0,44384002.0,110.96000500000001
trouble with the curve,30000000.0,48963137.0,18963137.0,63.21045666666667
here comes the boom,42000000.0,73100172.0,31100172.0,74.04802857142857
the collection,7500000.0,9929706.0,2429706.0,32.39608
paranorman,60000000.0,107139399.0,47139399.0,78.565665
contraband,25000000.0,96262212.0,71262212.0,285.048848
arbitrage,12000000.0,35485056.0,23485056.0,195.7088
the man with the iron fists,15000000.0,20546518.0,5546518.0,36.97678666666667
cosmopolis,20500000.0,7029095.0,-13470905.0,-65.71173170731709
the campaign,95000000.0,104907746.0,9907746.0,10.429206315789475
frankenweenie,39000000.0,81493846.0,42493846.0,108.95857948717949
the guilt trip,40000000.0,41863726.0,1863726.0,4.659315
stand up guys,15000000.0,5072654.0,-9927346.0,-66.18230666666666
deadfall,12000000.0,1946254.0,-10053746.0,-83.78121666666667
the words,6000000.0,15950164.0,9950164.0,165.83606666666665
universal soldier: day of reckoning,10000000.0,1402307.0,-8597693.0,-85.97693
promised land,15000000.0,11039031.0,-3960969.0,-26.40646
beasts of the southern wild,1800000.0,21107746.0,19307746.0,1072.6525555555556
red tails,58000000.0,50365498.0,-7634502.0,-13.16293448275862
the cold light of day,20000000.0,16863583.0,-3136417.0,-15.682085
the apparition,17000000.0,11350665.0,-5649335.0,-33.231382352941175
lockout,20000000.0,32948113.0,12948113.0,64.740565
chasing mavericks,20000000.0,7942116.0,-12057884.0,-60.28942000000001
one for the money,40000000.0,38084162.0,-1915838.0,-4.789595
bachelorette,3000000.0,12128575.0,9128575.0,304.2858333333333
lay the favorite,26350000.0,1577272.0,-24772728.0,-94.01414800759014
parental guidance,25000000.0,119772232.0,94772232.0,379.088928
the raven,26000000.0,29699345.0,3699345.0,14.228250000000001
liberal arts,2000000.0,1150681.0,-849319.0,-42.46595
stolen,35000000.0,17415418.0,-17584582.0,-50.241662857142856
kon-tiki,16600000.0,22842887.0,6242887.0,37.60775301204819
paranormal activity 4,5000000.0,142802657.0,137802657.0,2756.05314
quartet,11000000.0,59520298.0,48520298.0,441.0936181818182
playing for keeps,35000000.0,30962335.0,-4037665.0,-11.536185714285715
upside down,60000000.0,22187813.0,-37812187.0,-63.020311666666665
the odd life of timothy green,25000000.0,56012642.0,31012642.0,124.050568
premium rush,35000000.0,31083599.0,-3916401.0,-11.189717142857143
not fade away,20000000.0,636399.0,-19363601.0,-96.818005
disconnect,10000000.0,3428048.0,-6571952.0,-65.71952
the pirates! band of misfits,55000000.0,123054041.0,68054041.0,123.73461999999999
chernobyl diaries,1000000.0,38390020.0,37390020.0,3739.002
talaash,7395080.0,5277766.0,-2117314.0,-28.63138735483592
hope springs,30000000.0,114281051.0,84281051.0,280.93683666666664
people like us,16000000.0,12558931.0,-3441069.0,-21.50668125
vamps,16000000.0,92748.0,-15907252.0,-99.42032499999999
a thousand words,40000000.0,22044277.0,-17955723.0,-44.8893075
escape from planet earth,40000000.0,74939189.0,34939189.0,87.3479725
"for a good time, call...",850000.0,1386088.0,536088.0,63.06917647058824
big miracle,40000000.0,24740061.0,-15259939.0,-38.1498475
what maisie knew,6000000.0,2711379.0,-3288621.0,-54.81035
the devil inside,1000000.0,101758490.0,100758490.0,10075.849
cocktail,7980000.0,2724695.0,-5255305.0,-65.85595238095237
fun size,14000000.0,11417362.0,-2582638.0,-18.447414285714288
robot & frank,2500000.0,4806423.0,2306423.0,92.25692
the wolf of wall street,100000000.0,392000694.0,292000694.0,292.000694
iron man 3,200000000.0,1214811252.0,1014811252.0,507.405626
the conjuring,20000000.0,320290989.0,300290989.0,1501.454945
prisoners,46000000.0,122126687.0,76126687.0,165.49279782608696
thor: the dark world,170000000.0,644783140.0,474783140.0,279.2842
the purge,3000000.0,89328627.0,86328627.0,2877.6209000000003
grown ups 2,80000000.0,246984278.0,166984278.0,208.73034750000002
fast & furious 6,160000000.0,788680968.0,628680968.0,392.92560499999996
gravity,100000000.0,723192705.0,623192705.0,623.192705
about time,12000000.0,87100449.0,75100449.0,625.837075
the hobbit: the desolation of smaug,225000000.0,959007513.0,734007513.0,326.2255613333333
man of steel,225000000.0,668045518.0,443045518.0,196.9091191111111
under the skin,13300000.0,5866389.0,-7433611.0,-55.89181203007519
only lovers left alive,7000000.0,7609187.0,609187.0,8.70267142857143
her,23000000.0,48517427.0,25517427.0,110.94533478260871
snowpiercer,39200000.0,86758912.0,47558912.0,121.3237551020408
we're the millers,37000000.0,269994119.0,232994119.0,629.7138351351351
kick-ass 2,28000000.0,60795985.0,32795985.0,117.12851785714287
frozen,150000000.0,1281508100.0,1131508100.0,754.3387333333334
the great gatsby,105000000.0,353642274.0,248642274.0,236.8021657142857
american hustle,40000000.0,251171807.0,211171807.0,527.9295175
the green inferno,5000000.0,12666449.0,7666449.0,153.32898
rush,38000000.0,96983009.0,58983009.0,155.2184447368421
monsters university,200000000.0,743559645.0,543559645.0,271.7798225
don jon,3000000.0,39439355.0,36439355.0,1214.6451666666667
now you see me,75000000.0,351723989.0,276723989.0,368.9653186666667
oblivion,120000000.0,286168572.0,166168572.0,138.47381000000001
identity thief,35000000.0,173965010.0,138965010.0,397.0428857142857
star trek into darkness,190000000.0,467365246.0,277365246.0,145.98170842105262
the hunger games: catching fire,130000000.0,865011746.0,735011746.0,565.3936507692308
homefront,22000000.0,48449416.0,26449416.0,120.22461818181817
movie 43,6000000.0,32443111.0,26443111.0,440.71851666666663
world war z,190000000.0,540455876.0,350455876.0,184.4504610526316
12 years a slave,20000000.0,187733202.0,167733202.0,838.66601
g.i. joe: retaliation,130000000.0,375740705.0,245740705.0,189.03131153846152
dallas buyers club,5000000.0,55736588.0,50736588.0,1014.7317599999999
the secret life of walter mitty,90000000.0,188133322.0,98133322.0,109.03702444444446
pacific rim,190000000.0,411002906.0,221002906.0,116.31731894736843
the croods,135000000.0,587205319.0,452205319.0,334.96690296296293
this is the end,32000000.0,126041322.0,94041322.0,293.87913125
the way way back,5000000.0,26474920.0,21474920.0,429.49840000000006
the internship,58000000.0,93492844.0,35492844.0,61.194558620689655
elysium,115000000.0,286140700.0,171140700.0,148.818
hansel & gretel: witch hunters,50000000.0,226349749.0,176349749.0,352.699498
captain phillips,55000000.0,218791811.0,163791811.0,297.8032927272727
evil dead,17000000.0,97542952.0,80542952.0,473.7820705882353
white house down,150000000.0,205366737.0,55366737.0,36.911158
olympus has fallen,70000000.0,170270201.0,100270201.0,143.2431442857143
lone survivor,40000000.0,154802912.0,114802912.0,287.00728
oz the great and powerful,215000000.0,493311825.0,278311825.0,129.44736046511628
pain & gain,26000000.0,87305549.0,61305549.0,235.79057307692307
oldboy,30000000.0,5186767.0,-24813233.0,-82.71077666666666
out of the furnace,22000000.0,15661554.0,-6338446.0,-28.81111818181818
coherence,50000.0,139745.0,89745.0,179.48999999999998
ender's game,110000000.0,125544024.0,15544024.0,14.130930909090909
anchorman 2: the legend continues,50000000.0,173649931.0,123649931.0,247.299862
the world's end,20000000.0,46091271.0,26091271.0,130.456355
stoker,12000000.0,12077441.0,77441.0,0.6453416666666666
the mortal instruments: city of bones,60000000.0,95396573.0,35396573.0,58.99428833333333
mama,15000000.0,146428180.0,131428180.0,876.1878666666667
riddick,38000000.0,98337295.0,60337295.0,158.78235526315788
a good day to die hard,92000000.0,304654182.0,212654182.0,231.14585
escape plan,50000000.0,137328301.0,87328301.0,174.656602
the wolverine,120000000.0,414828246.0,294828246.0,245.690205
texas chainsaw,20000000.0,47340586.0,27340586.0,136.70293
despicable me 2,76000000.0,970766005.0,894766005.0,1177.3236907894736
47 ronin,175000000.0,151783839.0,-23216161.0,-13.266377714285715
adore,16000000.0,1575749.0,-14424251.0,-90.15156875
machete kills,20000000.0,17496820.0,-2503180.0,-12.515899999999998
warm bodies,35000000.0,116980662.0,81980662.0,234.23046285714287
percy jackson: sea of monsters,90000000.0,199850315.0,109850315.0,122.05590555555557
blue jasmine,18000000.0,99104804.0,81104804.0,450.5822444444444
safe haven,28000000.0,97594140.0,69594140.0,248.5505
gangster squad,60000000.0,105200903.0,45200903.0,75.33483833333334
august: osage county,25000000.0,74188937.0,49188937.0,196.75574799999998
locke,2000000.0,5090608.0,3090608.0,154.53040000000001
before midnight,3000000.0,20994648.0,17994648.0,599.8216
begin again,8000000.0,65652908.0,57652908.0,720.66135
oculus,5000000.0,44459951.0,39459951.0,789.19902
the counselor,25000000.0,71009334.0,46009334.0,184.037336
parker,35000000.0,46922566.0,11922566.0,34.06447428571428
the call,13000000.0,68572631.0,55572631.0,427.48177692307695
scary movie v,20000000.0,78378744.0,58378744.0,291.89372
r.i.p.d.,130000000.0,78324220.0,-51675780.0,-39.750600000000006
inside llewyn davis,11000000.0,32960249.0,21960249.0,199.63862727272726
the to do list,1500000.0,3909596.0,2409596.0,160.6397333333333
carrie,30000000.0,84790678.0,54790678.0,182.63559333333333
the lone ranger,215000000.0,260502115.0,45502115.0,21.16377441860465
the host,40000000.0,63365859.0,23365859.0,58.41464750000001
turbo,135000000.0,282570682.0,147570682.0,109.3116162962963
what if,11000000.0,8526288.0,-2473712.0,-22.488290909090907
2 guns,61000000.0,131940411.0,70940411.0,116.29575573770492
enough said,8000000.0,25288872.0,17288872.0,216.11090000000002
side effects,30000000.0,63414135.0,33414135.0,111.38045000000001
the heat,43000000.0,229930771.0,186930771.0,434.7227232558139
insidious: chapter 2,5000000.0,161919318.0,156919318.0,3138.38636
redemption,20000000.0,12671109.0,-7328891.0,-36.644455
belle,10900000.0,16607575.0,5707575.0,52.36307339449541
after earth,130000000.0,243611982.0,113611982.0,87.3938323076923
lee daniels' the butler,30000000.0,177313795.0,147313795.0,491.0459833333333
only god forgives,4800000.0,10639616.0,5839616.0,121.65866666666668
red 2,84000000.0,148075565.0,64075565.0,76.28043452380953
blood ties,25500000.0,2566435.0,-22933565.0,-89.93554901960785
dead man down,30000000.0,18074539.0,-11925461.0,-39.75153666666667
the spectacular now,2500000.0,6918591.0,4418591.0,176.74364
42,40000000.0,97470701.0,57470701.0,143.6767525
the last stand,45000000.0,48330757.0,3330757.0,7.401682222222222
filth,5000000.0,8417248.0,3417248.0,68.34496
the grand seduction,12700000.0,4292517.0,-8407483.0,-66.20065354330708
saving mr. banks,35000000.0,117867984.0,82867984.0,236.76566857142856
the book thief,19000000.0,76586316.0,57586316.0,303.0858736842105
the hangover part iii,103000000.0,362000072.0,259000072.0,251.45638058252428
lovelace,10000000.0,1585583.0,-8414417.0,-84.14417
the bling ring,8000000.0,20045576.0,12045576.0,150.5697
the family,30000000.0,78418811.0,48418811.0,161.39603666666667
the wind rises,30000000.0,136533257.0,106533257.0,355.1108566666667
life of crime,12000000.0,1456675.0,-10543325.0,-87.86104166666667
beautiful creatures,60000000.0,60052138.0,52138.0,0.08689666666666666
joe,4000000.0,2431443.0,-1568557.0,-39.213924999999996
delivery man,26000000.0,53120346.0,27120346.0,104.30902307692307
grudge match,40000000.0,44907260.0,4907260.0,12.26815
planes,50000000.0,239258712.0,189258712.0,378.517424
cloudy with a chance of meatballs 2,78000000.0,274325949.0,196325949.0,251.69993461538462
jack the giant slayer,195000000.0,197687603.0,2687603.0,1.3782579487179487
blue ruin,420000.0,993313.0,573313.0,136.50309523809523
epic,100000000.0,268426634.0,168426634.0,168.426634
dark skies,3500000.0,27858103.0,24358103.0,695.9458
nebraska,12000000.0,27682872.0,15682872.0,130.6906
labor day,18000000.0,20275812.0,2275812.0,12.6434
trance,20000000.0,24261569.0,4261569.0,21.307845
broken city,35000000.0,34737199.0,-262801.0,-0.75086
the zero theorem,8500000.0,1486506.0,-7013494.0,-82.51169411764707
all is lost,9000000.0,13627519.0,4627519.0,51.41687777777778
anna,7000000.0,1257142.0,-5742858.0,-82.04082857142858
third person,28000000.0,2624761.0,-25375239.0,-90.62585357142858
the grandmaster,38600000.0,73906736.0,35306736.0,91.4682279792746
the incredible burt wonderstone,30000000.0,27437881.0,-2562119.0,-8.540396666666666
the big wedding,35000000.0,46522137.0,11522137.0,32.92039142857143
snitch,15000000.0,57824674.0,42824674.0,285.49782666666664
the smurfs 2,105000000.0,347545360.0,242545360.0,230.99558095238098
last vegas,28000000.0,134409025.0,106409025.0,380.03223214285714
fruitvale station,900000.0,17385830.0,16485830.0,1831.7588888888888
bad grandpa,15000000.0,151826547.0,136826547.0,912.17698
philomena,12000000.0,100129872.0,88129872.0,734.4156
the canyons,250000.0,270185.0,20185.0,8.074
jobs,12000000.0,42128352.0,30128352.0,251.06959999999998
the immigrant,16000000.0,5952884.0,-10047116.0,-62.794475000000006
21 & over,13000000.0,48065672.0,35065672.0,269.73593846153847
runner runner,30000000.0,62675095.0,32675095.0,108.91698333333333
a haunted house,2500000.0,60159584.0,57659584.0,2306.38336
how i live now,8000000.0,925762.0,-7074238.0,-88.427975
upstream color,50000.0,587174.0,537174.0,1074.348
parkland,10000000.0,1412181.0,-8587819.0,-85.87819
paranoia,35000000.0,17056265.0,-17943735.0,-51.26781428571429
the past,11000000.0,12673462.0,1673462.0,15.21329090909091
the fifth estate,28000000.0,9058564.0,-18941436.0,-67.64798571428572
bad words,10000000.0,7804337.0,-2195663.0,-21.95663
man of tai chi,25000000.0,5464885.0,-19535115.0,-78.14046
the east,6500000.0,2891812.0,-3608188.0,-55.510584615384616
the lunchbox,1000000.0,11621777.0,10621777.0,1062.1777
getaway,18000000.0,11806432.0,-6193568.0,-34.40871111111111
guardians of the galaxy,170000000.0,773350147.0,603350147.0,354.9118511764706
interstellar,165000000.0,701729206.0,536729206.0,325.29042787878785
john wick,20000000.0,86081711.0,66081711.0,330.408555
edge of tomorrow,178000000.0,370541256.0,192541256.0,108.16924494382023
gone girl,61000000.0,369330363.0,308330363.0,505.4596114754099
captain america: the winter soldier,170000000.0,714421503.0,544421503.0,320.24794294117646
the grand budapest hotel,25000000.0,172945750.0,147945750.0,591.783
whiplash,3300000.0,49396747.0,46096747.0,1396.8711212121211
kingsman: the secret service,81000000.0,414351546.0,333351546.0,411.54511851851856
ex machina,15000000.0,36869414.0,21869414.0,145.79609333333335
divergent,85000000.0,288885818.0,203885818.0,239.86566823529412
nightcrawler,8500000.0,47398992.0,38898992.0,457.6352
the hobbit: the battle of the five armies,250000000.0,962182865.0,712182865.0,284.873146
the equalizer,55000000.0,192330738.0,137330738.0,249.69225090909092
the maze runner,34000000.0,348319861.0,314319861.0,924.4701794117648
lucy,40000000.0,458863600.0,418863600.0,1047.159
chef,11000000.0,48428048.0,37428048.0,340.2549818181818
what we do in the shadows,1600000.0,7253160.0,5653160.0,353.3225
the imitation game,14000000.0,233555708.0,219555708.0,1568.2550571428571
fury,68000000.0,211822697.0,143822697.0,211.5039661764706
x-men: days of future past,200000000.0,746045700.0,546045700.0,273.02285
predestination,5100000.0,4942449.0,-157551.0,-3.089235294117647
the purge: anarchy,9000000.0,111928365.0,102928365.0,1143.6485
birdman or (the unexpected virtue of ignorance),18000000.0,103215094.0,85215094.0,473.41718888888886
it follows,1000000.0,21947454.0,20947454.0,2094.7454000000002
blended,40000000.0,127994610.0,87994610.0,219.98652500000003
hercules,100000000.0,244819862.0,144819862.0,144.819862
the judge,50000000.0,84419388.0,34419388.0,68.838776
annie,65000000.0,136853506.0,71853506.0,110.54385538461537
godzilla,160000000.0,524976069.0,364976069.0,228.110043125
the giver,25000000.0,66980456.0,41980456.0,167.921824
300: rise of an empire,110000000.0,337580051.0,227580051.0,206.89095545454546
american sniper,58800000.0,547426372.0,488626372.0,830.9972312925171
big hero 6,165000000.0,657869686.0,492869686.0,298.7089006060606
the amazing spider-man 2,200000000.0,708982323.0,508982323.0,254.49116150000003
maleficent,180000000.0,758411779.0,578411779.0,321.33987722222224
into the woods,50000000.0,212902372.0,162902372.0,325.80474399999997
unbroken,65000000.0,161459297.0,96459297.0,148.39891846153844
the lego movie,60000000.0,468060692.0,408060692.0,680.1011533333333
the hunger games: mockingjay - part 1,125000000.0,755356711.0,630356711.0,504.2853688
tusk,3000000.0,1882074.0,-1117926.0,-37.264199999999995
night at the museum: secret of the tomb,127000000.0,363204635.0,236204635.0,185.98790157480317
the fault in our stars,12000000.0,307166834.0,295166834.0,2459.7236166666667
"as above, so below",5000000.0,41898409.0,36898409.0,737.9681800000001
annabelle,6500000.0,257579282.0,251079282.0,3862.7581846153844
boyhood,4000000.0,48137666.0,44137666.0,1103.44165
the theory of everything,15000000.0,123726688.0,108726688.0,724.8445866666667
the expendables 3,80000000.0,214657577.0,134657577.0,168.32197125
the interview,44000000.0,11782625.0,-32217375.0,-73.22130681818182
the drop,12600000.0,18658381.0,6058381.0,48.082388888888886
transformers: age of extinction,210000000.0,1104054072.0,894054072.0,425.74003428571433
inherent vice,20000000.0,14710975.0,-5289025.0,-26.445125000000004
neighbors,18000000.0,270665134.0,252665134.0,1403.6951888888889
the babadook,2000000.0,10312540.0,8312540.0,415.627
sex tape,40000000.0,126069509.0,86069509.0,215.17377249999998
the other woman,40000000.0,196710396.0,156710396.0,391.77599
wild tales,3300000.0,30642704.0,27342704.0,828.5667878787879
wild,15000000.0,52501541.0,37501541.0,250.01027333333332
foxcatcher,24000000.0,19206513.0,-4793487.0,-19.972862499999998
the guest,5000000.0,2700051.0,-2299949.0,-45.99898
teenage mutant ninja turtles,125000000.0,485004754.0,360004754.0,288.0038032
robocop,100000000.0,242688965.0,142688965.0,142.688965
22 jump street,50000000.0,331333876.0,281333876.0,562.6677520000001
dawn of the planet of the apes,170000000.0,710644566.0,540644566.0,318.02621529411766
sin city: a dame to kill for,65000000.0,39407616.0,-25592384.0,-39.37289846153846
brick mansions,28000000.0,71416730.0,43416730.0,155.05975
vampire academy,30000000.0,15642346.0,-14357654.0,-47.858846666666665
the monuments men,70000000.0,156706638.0,86706638.0,123.8666257142857
honeymoon,1000000.0,24343.0,-975657.0,-97.56569999999999
dumb and dumber to,40000000.0,169837010.0,129837010.0,324.592525
how to train your dragon 2,145000000.0,621537519.0,476537519.0,328.6465648275862
noah,125000000.0,359200044.0,234200044.0,187.3600352
a walk among the tombstones,28000000.0,58834384.0,30834384.0,110.12280000000001
need for speed,66000000.0,203277636.0,137277636.0,207.99641818181817
rio 2,103000000.0,498781117.0,395781117.0,384.25351165048545
seventh son,95000000.0,114178613.0,19178613.0,20.188013684210524
exodus: gods and kings,140000000.0,268175631.0,128175631.0,91.55402214285714
a million ways to die in the west,40000000.0,87189756.0,47189756.0,117.97439
sabotage,35000000.0,22126842.0,-12873158.0,-36.78045142857143
paddington,55000000.0,282377683.0,227377683.0,413.4139690909091
non-stop,50000000.0,222809600.0,172809600.0,345.61920000000003
the best of me,26000000.0,38609668.0,12609668.0,48.49872307692308
horrible bosses 2,42000000.0,107645357.0,65645357.0,156.29846904761905
this is where i leave you,19800000.0,41296320.0,21496320.0,108.56727272727274
into the storm,50000000.0,161502194.0,111502194.0,223.004388
penguins of madagascar,132000000.0,373515621.0,241515621.0,182.96637954545454
jack ryan: shadow recruit,60000000.0,135503748.0,75503748.0,125.83958
the book of life,50000000.0,99783556.0,49783556.0,99.56711200000001
the november man,15000000.0,39661919.0,24661919.0,164.41279333333335
dracula untold,70000000.0,217124280.0,147124280.0,210.17754285714284
unfriended,1000000.0,62882090.0,61882090.0,6188.209
i origins,1000000.0,481234.0,-518766.0,-51.876599999999996
transcendence,100000000.0,103039258.0,3039258.0,3.039258
endless love,20000000.0,34718173.0,14718173.0,73.59086500000001
before i go to sleep,22000000.0,17669776.0,-4330224.0,-19.682836363636362
the good lie,20000000.0,3396345.0,-16603655.0,-83.018275
deliver us from evil,30000000.0,87937815.0,57937815.0,193.12605
the raid 2,4500000.0,6566916.0,2066916.0,45.931466666666665
taken 3,48000000.0,326479141.0,278479141.0,580.1648770833333
pompeii,100000000.0,117831631.0,17831631.0,17.831631
ride along,25000000.0,154468902.0,129468902.0,517.875608
that awkward moment,8000000.0,45640143.0,37640143.0,470.50178750000003
the homesman,16000000.0,3819421.0,-12180579.0,-76.12861875
"men, women & children",16000000.0,1705908.0,-14294092.0,-89.33807499999999
let's be cops,17000000.0,138224951.0,121224951.0,713.0879470588235
a most violent year,20000000.0,12007070.0,-7992930.0,-39.96465
the loft,14000000.0,11020402.0,-2979598.0,-21.28284285714286
a most wanted man,15000000.0,36233517.0,21233517.0,141.55678
clown,1500000.0,4381603.0,2881603.0,192.1068666666667
the signal,4000000.0,2595622.0,-1404378.0,-35.109449999999995
the hundred-foot journey,22000000.0,89514453.0,67514453.0,306.88387727272726
beyond the lights,7000000.0,14618727.0,7618727.0,108.83895714285714
maps to the stars,15000000.0,4510934.0,-10489066.0,-69.92710666666667
if i stay,11000000.0,78274843.0,67274843.0,611.5894818181819
still alice,5000000.0,44779195.0,39779195.0,795.5839
3 days to kill,28000000.0,53260230.0,25260230.0,90.21510714285714
love & mercy,10000000.0,28641776.0,18641776.0,186.41776000000002
big eyes,10000000.0,29253166.0,19253166.0,192.53166
addicted,5000000.0,17534314.0,12534314.0,250.68627999999998
the water diviner,22500000.0,38176317.0,15676317.0,69.67252
selma,20000000.0,66787908.0,46787908.0,233.93954
veronica mars,6000000.0,3485383.0,-2514617.0,-41.91028333333333
million dollar arm,25000000.0,38483455.0,13483455.0,53.93382
the one i love,100000.0,596933.0,496933.0,496.93300000000005
jersey boys,40000000.0,67647013.0,27647013.0,69.1175325
draft day,25000000.0,29824199.0,4824199.0,19.296796
and so it goes,18000000.0,25419147.0,7419147.0,41.217483333333334
a haunted house 2,4000000.0,25358716.0,21358716.0,533.9679
the gambler,25000000.0,39280992.0,14280992.0,57.123968000000005
cake,7000000.0,2433850.0,-4566150.0,-65.23071428571428
"i, frankenstein",65000000.0,76801179.0,11801179.0,18.15566
muppets most wanted,50000000.0,80383113.0,30383113.0,60.766226
pawn sacrifice,19000000.0,5578519.0,-13421481.0,-70.63937368421053
left behind,16000000.0,27405896.0,11405896.0,71.28685
"alexander and the terrible, horrible, no good, very bad day",28000000.0,100654149.0,72654149.0,259.47910357142854
st. vincent,13000000.0,54837234.0,41837234.0,321.82487692307694
the legend of hercules,70000000.0,61279452.0,-8720548.0,-12.457925714285714
step up all in,45000000.0,86165646.0,41165646.0,91.47921333333333
god's not dead,2000000.0,64676349.0,62676349.0,3133.81745
winter's tale,60000000.0,30800231.0,-29199769.0,-48.66628166666666
mr. peabody & sherman,145000000.0,275698039.0,130698039.0,90.13657862068966
tammy,20000000.0,100375432.0,80375432.0,401.87716
a long way down,12000000.0,7257942.0,-4742058.0,-39.51715
the rover,12000000.0,2510007.0,-9489993.0,-79.083275
lost river,2000000.0,615500.0,-1384500.0,-69.22500000000001
magic in the moonlight,16800000.0,51029361.0,34229361.0,203.74619642857144
the quiet ones,200000.0,17835162.0,17635162.0,8817.581
barefoot,6000000.0,15071.0,-5984929.0,-99.74881666666666
no good deed,13200000.0,54323210.0,41123210.0,311.53946969696966
serena,30000000.0,5092129.0,-24907871.0,-83.02623666666666
the duke of burgundy,1000000.0,185147.0,-814853.0,-81.48530000000001
wish i was here,6000000.0,5670776.0,-329224.0,-5.487066666666666
get on up,30000000.0,33448971.0,3448971.0,11.49657
suffragette,14000000.0,31972096.0,17972096.0,128.3721142857143
ouija,5000000.0,103687316.0,98687316.0,1973.74632
heaven is for real,12000000.0,101982712.0,89982712.0,749.8559333333334
while we're young,10000000.0,18117839.0,8117839.0,81.17839000000001
think like a man too,24000000.0,70181428.0,46181428.0,192.42261666666667
planes: fire & rescue,50000000.0,146965787.0,96965787.0,193.931574
top five,12000000.0,26117471.0,14117471.0,117.64559166666666
99 homes,8000000.0,1828232.0,-6171768.0,-77.1471
black or white,9000000.0,21833967.0,12833967.0,142.59963333333334
laggies,5000000.0,2379154.0,-2620846.0,-52.41692
mad max: fury road,150000000.0,375658750.0,225658750.0,150.43916666666667
avengers: age of ultron,250000000.0,1402809540.0,1152809540.0,461.12381600000003
crimson peak,55000000.0,74679822.0,19679822.0,35.78149454545454
furious 7,190000000.0,1515341399.0,1325341399.0,697.5481047368421
the hateful eight,44000000.0,156480177.0,112480177.0,255.6367659090909
ant-man,130000000.0,519311965.0,389311965.0,299.4707423076923
fifty shades of grey,40000000.0,569651467.0,529651467.0,1324.1286675
sicario,30000000.0,84872444.0,54872444.0,182.90814666666665
the witch,4000000.0,40423945.0,36423945.0,910.5986250000001
the big short,28000000.0,133440870.0,105440870.0,376.5745357142857
jurassic world,150000000.0,1670516444.0,1520516444.0,1013.6776293333334
the revenant,135000000.0,532950503.0,397950503.0,294.7781503703704
the martian,108000000.0,630162448.0,522162448.0,483.48374814814815
room,13000000.0,35401758.0,22401758.0,172.32121538461539
inside out,175000000.0,858848019.0,683848019.0,390.7702965714286
spotlight,20000000.0,98690254.0,78690254.0,393.45127
american ultra,28000000.0,27262374.0,-737626.0,-2.6343785714285715
the man from u.n.c.l.e.,75000000.0,107045109.0,32045109.0,42.726811999999995
terminator genisys,155000000.0,440603537.0,285603537.0,184.26034645161292
cinderella,95000000.0,542358331.0,447358331.0,470.9035063157895
star wars: episode vii - the force awakens,245000000.0,2069521700.0,1824521700.0,744.7027346938776
spectre,245000000.0,880681519.0,635681519.0,259.4618444897959
legend,30000000.0,42972994.0,12972994.0,43.24331333333333
chappie,49000000.0,102811889.0,53811889.0,109.82018163265306
knock knock,2500000.0,5567103.0,3067103.0,122.68412
in the heart of the sea,100000000.0,93920758.0,-6079242.0,-6.079242
the bronze,3500000.0,615816.0,-2884184.0,-82.40525714285715
the intern,35000000.0,194564672.0,159564672.0,455.89906285714284
the hunger games: mockingjay - part 2,160000000.0,658344137.0,498344137.0,311.465085625
everest,55000000.0,203427584.0,148427584.0,269.86833454545456
blackhat,70000000.0,19652057.0,-50347943.0,-71.92563285714286
spy,65000000.0,235666219.0,170666219.0,262.5634138461538
fantastic four,120000000.0,167882881.0,47882881.0,39.90240083333333
mission: impossible - rogue nation,150000000.0,682716636.0,532716636.0,355.144424
the visit,5000000.0,98450062.0,93450062.0,1869.00124
vacation,31000000.0,107228221.0,76228221.0,245.8974870967742
creed,35000000.0,173567581.0,138567581.0,395.9073742857143
the age of adaline,25000000.0,65663276.0,40663276.0,162.65310399999998
black mass,53000000.0,99775678.0,46775678.0,88.25599622641509
focus,50100000.0,158762963.0,108662963.0,216.89214171656687
home,135000000.0,386041607.0,251041607.0,185.95674592592593
jupiter ascending,176000000.0,183887723.0,7887723.0,4.4816607954545455
i saw the light,13000000.0,1767963.0,-11232037.0,-86.40028461538462
minions,74000000.0,1159444662.0,1085444662.0,1466.8171108108108
pitch perfect 2,29000000.0,287144079.0,258144079.0,890.1519965517242
san andreas,110000000.0,473990832.0,363990832.0,330.90075636363633
trainwreck,35000000.0,140795793.0,105795793.0,302.27369428571427
tomorrowland,190000000.0,209035668.0,19035668.0,10.018772631578948
bridge of spies,40000000.0,165478348.0,125478348.0,313.69587
the danish girl,15000000.0,64191523.0,49191523.0,327.9434866666667
the divergent series: insurgent,110000000.0,297002527.0,187002527.0,170.00229727272728
straight outta compton,28000000.0,201634991.0,173634991.0,620.1249678571428
carol,11800000.0,40272135.0,28472135.0,241.28927966101696
no escape,16200000.0,54418872.0,38218872.0,235.91896296296295
the boy next door,4000000.0,52425855.0,48425855.0,1210.646375
southpaw,30000000.0,91970827.0,61970827.0,206.56942333333333
maze runner: the scorch trials,61000000.0,312296056.0,251296056.0,411.9607475409836
the last witch hunter,90000000.0,146936910.0,56936910.0,63.26323333333333
green room,5000000.0,3769214.0,-1230786.0,-24.61572
burnt,20000000.0,36606743.0,16606743.0,83.033715
the good dinosaur,200000000.0,332207671.0,132207671.0,66.1038355
the gift,5000000.0,58980521.0,53980521.0,1079.61042
point break,105000000.0,133718711.0,28718711.0,27.351153333333333
get hard,40000000.0,111711453.0,71711453.0,179.27863250000001
hitman: agent 47,35000000.0,82347656.0,47347656.0,135.27901714285716
entourage,30000000.0,49263404.0,19263404.0,64.21134666666667
steve jobs,30000000.0,34441873.0,4441873.0,14.806243333333333
scouts guide to the zombie apocalypse,15000000.0,16137046.0,1137046.0,7.580306666666667
hardcore henry,2000000.0,16810562.0,14810562.0,740.5281
joy,60000000.0,101134059.0,41134059.0,68.556765
masterminds,25000000.0,29674699.0,4674699.0,18.698796
brooklyn,11000000.0,62402155.0,51402155.0,467.2923181818182
self/less,26000000.0,31807156.0,5807156.0,22.335215384615385
ted 2,68000000.0,215863606.0,147863606.0,217.44647941176473
pan,150000000.0,128388320.0,-21611680.0,-14.407786666666667
pixels,88000000.0,244874809.0,156874809.0,178.26682840909092
demolition,10000000.0,4366460.0,-5633540.0,-56.3354
macbeth,15000000.0,16322067.0,1322067.0,8.81378
daddy's home,50000000.0,242786137.0,192786137.0,385.572274
run all night,50000000.0,71561644.0,21561644.0,43.123287999999995
mr. right,8000000.0,607595.0,-7392405.0,-92.4050625
magic mike xxl,14800000.0,117813057.0,103013057.0,696.0341689189189
the duff,8500000.0,43709744.0,35209744.0,414.2322823529412
trumbo,15000000.0,11430025.0,-3569975.0,-23.799833333333336
hotel transylvania 2,80000000.0,474800000.0,394800000.0,493.49999999999994
the longest ride,34000000.0,62944815.0,28944815.0,85.13180882352941
victor frankenstein,65000000.0,34227298.0,-30772702.0,-47.34261846153846
insidious: chapter 3,10000000.0,112983889.0,102983889.0,1029.83889
goosebumps,58000000.0,158261424.0,100261424.0,172.86452413793103
aloha,37000000.0,26250020.0,-10749980.0,-29.054000000000002
baahubali: the beginning,18026148.0,24548038.0,6521890.0,36.180164503253835
the wedding ringer,23000000.0,79799880.0,56799880.0,246.956
sisters,30000000.0,105011053.0,75011053.0,250.0368433333333
secret in their eyes,19500000.0,34854990.0,15354990.0,78.74353846153846
irrational man,11000000.0,27391084.0,16391084.0,149.00985454545454
wild card,30000000.0,6738764.0,-23261236.0,-77.53745333333333
paper towns,12000000.0,85512300.0,73512300.0,612.6025000000001
the lady in the van,6000000.0,41387687.0,35387687.0,589.7947833333333
the spongebob movie: sponge out of water,74000000.0,325186032.0,251186032.0,339.4405837837838
child 44,50000000.0,12951093.0,-37048907.0,-74.097814
beasts of no nation,6000000.0,90777.0,-5909223.0,-98.48705
me and earl and the dying girl,8000000.0,9074749.0,1074749.0,13.434362499999999
concussion,35000000.0,48623572.0,13623572.0,38.92449142857143
the diary of a teenage girl,2000000.0,1775133.0,-224867.0,-11.243350000000001
the walk,35000000.0,61181942.0,26181942.0,74.80554857142857
tangerine,100000.0,828874.0,728874.0,728.874
a walk in the woods,8000000.0,37461274.0,29461274.0,368.265925
sinister 2,10000000.0,53329150.0,43329150.0,433.2915
anomalisa,8000000.0,5659286.0,-2340714.0,-29.258925
mississippi grind,6000000.0,422746.0,-5577254.0,-92.95423333333333
woman in gold,11000000.0,61619773.0,50619773.0,460.1797545454546
eddie the eagle,23000000.0,46152800.0,23152800.0,100.66434782608695
eye in the sky,13000000.0,35259653.0,22259653.0,171.22809999999998
the second best exotic marigold hotel,10000000.0,85978292.0,75978292.0,759.78292
poltergeist,35000000.0,95437994.0,60437994.0,172.67998285714285
the meddler,3200000.0,5425148.0,2225148.0,69.535875
we are your friends,2000000.0,11122090.0,9122090.0,456.10450000000003
grandma,600000.0,7205073.0,6605073.0,1100.8455
by the sea,10000000.0,3334927.0,-6665073.0,-66.65073
mortdecai,60000000.0,47275717.0,-12724283.0,-21.207138333333333
project almanac,12000000.0,33213241.0,21213241.0,176.77700833333333
the man who knew infinity,10000000.0,12252684.0,2252684.0,22.52684
z for zachariah,7500000.0,381839.0,-7118161.0,-94.90881333333333
equals,16000000.0,2084628.0,-13915372.0,-86.971075
dope,7000000.0,17986781.0,10986781.0,156.9540142857143
hot pursuit,35000000.0,51380201.0,16380201.0,46.80057428571428
krampus,15000000.0,61548707.0,46548707.0,310.3247133333333
the gunman,40000000.0,24177137.0,-15822863.0,-39.5571575
the night before,25000000.0,52395996.0,27395996.0,109.583984
90 minutes in heaven,5000000.0,4842699.0,-157301.0,-3.14602
ip man 3,36000000.0,157029618.0,121029618.0,336.1933833333334
"mcfarland, usa",17000000.0,45710059.0,28710059.0,168.8827
the peanuts movie,99000000.0,246233113.0,147233113.0,148.72031616161615
rock the kasbah,15000000.0,3394174.0,-11605826.0,-77.37217333333334
the sea of trees,25000000.0,906995.0,-24093005.0,-96.37202
alvin and the chipmunks: the road chip,90000000.0,234798636.0,144798636.0,160.88737333333333
the lazarus effect,3300000.0,38356892.0,35056892.0,1062.3300606060607
love the coopers,17000000.0,42426912.0,25426912.0,149.5700705882353
the 33,26000000.0,27972023.0,1972023.0,7.584703846153847
the little prince,81200000.0,97571250.0,16371250.0,20.16163793103448
louder than bombs,11000000.0,1160724.0,-9839276.0,-89.44796363636364
the gallows,100000.0,42964410.0,42864410.0,42864.409999999996
slow west,2000000.0,1295574.0,-704426.0,-35.2213
cop car,800000.0,143658.0,-656342.0,-82.04275
jem and the holograms,5000000.0,2333684.0,-2666316.0,-53.32632
captive,2000000.0,2801508.0,801508.0,40.0754
our brand is crisis,28000000.0,8527658.0,-19472342.0,-69.54407857142857
unfinished business,35000000.0,14431253.0,-20568747.0,-58.76784857142857
hot tub time machine 2,14000000.0,13081651.0,-918349.0,-6.559635714285713
"hello, my name is doris",1000000.0,14659448.0,13659448.0,1365.9448
ricki and the flash,18000000.0,41325328.0,23325328.0,129.58515555555556
danny collins,10000000.0,10835752.0,835752.0,8.357520000000001
mr. holmes,11000000.0,29355203.0,18355203.0,166.86548181818182
paul blart: mall cop 2,30000000.0,107588225.0,77588225.0,258.62741666666665
war room,3000000.0,73256266.0,70256266.0,2341.8755333333334
dragon blade,65000000.0,122606884.0,57606884.0,88.62597538461539
mother's day,25000000.0,48782670.0,23782670.0,95.13068
suicide squad,175000000.0,746846894.0,571846894.0,326.7696537142857
the magnificent seven,90000000.0,162360636.0,72360636.0,80.40070666666666
captain america: civil war,250000000.0,1153337496.0,903337496.0,361.3349984
warcraft,160000000.0,439048914.0,279048914.0,174.40557125
deadpool,58000000.0,782836791.0,724836791.0,1249.7186051724136
doctor strange,165000000.0,677796076.0,512796076.0,310.7855006060606
split,9000000.0,278454417.0,269454417.0,2993.937966666667
me before you,20000000.0,208314186.0,188314186.0,941.57093
don't breathe,9900000.0,157830487.0,147930487.0,1494.2473434343433
moana,150000000.0,644411850.0,494411850.0,329.60790000000003
arrival,47000000.0,203388186.0,156388186.0,332.74082127659574
x-men: apocalypse,178000000.0,543934105.0,365934105.0,205.58095786516853
captain fantastic,5000000.0,23123592.0,18123592.0,362.47184
star trek beyond,185000000.0,343471816.0,158471816.0,85.66044108108109
sing,75000000.0,634208384.0,559208384.0,745.6111786666667
la la land,30000000.0,448906865.0,418906865.0,1396.3562166666666
the conjuring 2,40000000.0,321788219.0,281788219.0,704.4705475
passengers,110000000.0,303144152.0,193144152.0,175.5855927272727
zootopia,150000000.0,1024121104.0,874121104.0,582.7474026666666
the huntsman: winter's war,115000000.0,164989338.0,49989338.0,43.46898956521739
hacksaw ridge,40000000.0,180563636.0,140563636.0,351.40909
13 hours,50000000.0,69411370.0,19411370.0,38.82274
nocturnal animals,22500000.0,30311857.0,7811857.0,34.719364444444444
rogue one: a star wars story,200000000.0,1056057720.0,856057720.0,428.02886000000007
batman v superman: dawn of justice,250000000.0,873637528.0,623637528.0,249.45501120000003
kung fu panda 3,145000000.0,521170825.0,376170825.0,259.4281551724138
the nice guys,50000000.0,62788218.0,12788218.0,25.576436
independence day: resurgence,165000000.0,389681935.0,224681935.0,136.1708696969697
miss peregrine's home for peculiar children,110000000.0,296482446.0,186482446.0,169.52949636363635
fantastic beasts and where to find them,180000000.0,814044001.0,634044001.0,352.24666722222224
resident evil: the final chapter,40000000.0,312242626.0,272242626.0,680.6065649999999
criminal,31500000.0,38803993.0,7303993.0,23.187279365079366
underworld: blood wars,35000000.0,81093313.0,46093313.0,131.69518
the shallows,17000000.0,119100758.0,102100758.0,600.592694117647
hidden figures,25000000.0,236225193.0,211225193.0,844.9007720000001
sausage party,19000000.0,140705322.0,121705322.0,640.5543263157895
the girl on the train,45000000.0,173185859.0,128185859.0,284.8574644444445
hell or high water,12000000.0,37879877.0,25879877.0,215.6656416666667
the purge: election year,10000000.0,118587880.0,108587880.0,1085.8788
ghostbusters,144000000.0,229147509.0,85147509.0,59.13021458333333
the accountant,44000000.0,155160045.0,111160045.0,252.6364659090909
the neon demon,7000000.0,3377430.0,-3622570.0,-51.751000000000005
moonlight,4000000.0,65336603.0,61336603.0,1533.415075
jason bourne,120000000.0,415484914.0,295484914.0,246.23742833333333
manchester by the sea,9000000.0,78988148.0,69988148.0,777.6460888888889
central intelligence,50000000.0,216972543.0,166972543.0,333.945086
war dogs,40000000.0,86234523.0,46234523.0,115.5863075
the legend of tarzan,180000000.0,356700357.0,176700357.0,98.166865
silence,46000000.0,23834809.0,-22165191.0,-48.185197826086956
gods of egypt,140000000.0,150680864.0,10680864.0,7.629188571428572
the founder,25000000.0,24121245.0,-878755.0,-3.51502
inferno,75000000.0,220021259.0,145021259.0,193.36167866666668
now you see me 2,90000000.0,334897606.0,244897606.0,272.1084511111111
miss sloane,13000000.0,9101546.0,-3898454.0,-29.988107692307693
the jungle book,175000000.0,966554929.0,791554929.0,452.31710228571427
10 cloverfield lane,15000000.0,110216998.0,95216998.0,634.7799866666667
the lost city of z,30000000.0,19263938.0,-10736062.0,-35.78687333333333
finding dory,200000000.0,1028570942.0,828570942.0,414.285471
lion,12000000.0,140853810.0,128853810.0,1073.78175
lights out,4900000.0,148868835.0,143968835.0,2938.139489795918
meet the blacks,900000.0,9097072.0,8197072.0,910.7857777777778
allied,85000000.0,119520023.0,34520023.0,40.611791764705885
jack reacher: never go back,60000000.0,162146076.0,102146076.0,170.24346
bridget jones's baby,35000000.0,211952420.0,176952420.0,505.5783428571429
how to be single,38000000.0,112343513.0,74343513.0,195.64082368421052
snowden,40000000.0,37357216.0,-2642784.0,-6.606960000000001
the bad batch,6000000.0,201890.0,-5798110.0,-96.63516666666668
triple 9,20000000.0,23177948.0,3177948.0,15.88974
deepwater horizon,110000000.0,121790373.0,11790373.0,10.718520909090909
sully,60000000.0,240797623.0,180797623.0,301.32937166666665
morgan,8000000.0,8809407.0,809407.0,10.117587499999999
pride and prejudice and zombies,28000000.0,16457494.0,-11542506.0,-41.223235714285714
the infiltrator,28000000.0,21011110.0,-6988890.0,-24.960321428571426
the edge of seventeen,9000000.0,19370020.0,10370020.0,115.22244444444445
a cure for wellness,40000000.0,26620002.0,-13379998.0,-33.449995
london has fallen,60000000.0,205754447.0,145754447.0,242.92407833333334
dirty grandpa,25000000.0,94073028.0,69073028.0,276.29211200000003
"hail, caesar!",22000000.0,63945241.0,41945241.0,190.66018636363637
the 5th wave,38000000.0,109906372.0,71906372.0,189.2272947368421
trolls,125000000.0,346864886.0,221864886.0,177.4919088
allegiant,110000000.0,179246868.0,69246868.0,62.95169818181818
paterson,5000000.0,9588282.0,4588282.0,91.76564
swiss army man,3000000.0,4935501.0,1935501.0,64.5167
the great wall,150000000.0,334933831.0,184933831.0,123.28922066666668
mike and dave need wedding dates,33000000.0,77068246.0,44068246.0,133.54013939393937
bad moms,20000000.0,183936074.0,163936074.0,819.68037
collateral beauty,36000000.0,88528280.0,52528280.0,145.91188888888888
the boy,10000000.0,73929392.0,63929392.0,639.29392
fences,24000000.0,64414761.0,40414761.0,168.3948375
alice through the looking glass,170000000.0,299820798.0,129820798.0,76.36517529411765
the brothers grimsby,35000000.0,27979040.0,-7020960.0,-20.059885714285713
ice age: collision course,105000000.0,408754975.0,303754975.0,289.2904523809524
patriots day,45000000.0,52185751.0,7185751.0,15.968335555555555
keeping up with the joneses,40000000.0,29918745.0,-10081255.0,-25.2031375
the secret life of pets,75000000.0,875458631.0,800458631.0,1067.2781746666667
popstar: never stop never stopping,20000000.0,9680029.0,-10319971.0,-51.59985499999999
20th century women,7000000.0,7214806.0,214806.0,3.068657142857143
assassin's creed,125000000.0,240697856.0,115697856.0,92.5582848
teenage mutant ninja turtles: out of the shadows,135000000.0,245623848.0,110623848.0,81.94359111111112
everybody wants some!!,10000000.0,4644472.0,-5355528.0,-53.55528
the take,20000000.0,14857808.0,-5142192.0,-25.71096
the finest hours,80000000.0,52099090.0,-27900910.0,-34.8761375
greater,9000000.0,2000620.0,-6999380.0,-77.77088888888889
the belko experiment,5000000.0,11084630.0,6084630.0,121.6926
the bfg,140000000.0,195243411.0,55243411.0,39.459579285714284
zoolander 2,50000000.0,56722693.0,6722693.0,13.445386000000001
midnight special,18000000.0,6740647.0,-11259353.0,-62.55196111111111
the angry birds movie,73000000.0,352333929.0,279333929.0,382.6492178082192
live by night,108000000.0,22678555.0,-85321445.0,-79.00133796296296
nerve,19000000.0,85251425.0,66251425.0,348.6917105263158
mechanic: resurrection,40000000.0,125729635.0,85729635.0,214.32408750000002
the light between oceans,20000000.0,25975621.0,5975621.0,29.878104999999998
why him?,38000000.0,118102725.0,80102725.0,210.79664473684213
miracles from heaven,13000000.0,73983003.0,60983003.0,469.1000230769231
colossal,15000000.0,4531320.0,-10468680.0,-69.7912
neighbors 2: sorority rising,35000000.0,108007109.0,73007109.0,208.59174000000002
ben-hur,100000000.0,94061311.0,-5938689.0,-5.938689
free state of jones,50000000.0,25035950.0,-24964050.0,-49.9281
jackie,9000000.0,29777777.0,20777777.0,230.8641888888889
gold,20000000.0,14880939.0,-5119061.0,-25.595305000000003
pete's dragon,65000000.0,143695338.0,78695338.0,121.06975076923077
31,1500000.0,850419.0,-649581.0,-43.3054
keanu,15000000.0,20651333.0,5651333.0,37.67555333333333
storks,70000000.0,183388953.0,113388953.0,161.98421857142858
a monster calls,43000000.0,47309313.0,4309313.0,10.021658139534884
kubo and the two strings,60000000.0,76249438.0,16249438.0,27.082396666666668
café society,30000000.0,43763247.0,13763247.0,45.87749
blair witch,5000000.0,45173154.0,40173154.0,803.46308
ratchet & clank,20000000.0,13385737.0,-6614263.0,-33.071315
risen,20000000.0,46771565.0,26771565.0,133.85782500000002
rules don't apply,25000000.0,3885342.0,-21114658.0,-84.458632
office christmas party,45000000.0,114501299.0,69501299.0,154.4473311111111
florence foster jenkins,29000000.0,49052787.0,20052787.0,69.14754137931034
batman: the killing joke,3500000.0,4462034.0,962034.0,27.486685714285713
leap!,30000000.0,106127278.0,76127278.0,253.75759333333332
a hologram for the king,30000000.0,9169507.0,-20830493.0,-69.43497666666667
ouija: origin of evil,9000000.0,81705746.0,72705746.0,807.8416222222222
all i see is you,30000000.0,678150.0,-29321850.0,-97.7395
the forest,10000000.0,39712000.0,29712000.0,297.12
money monster,27000000.0,93282604.0,66282604.0,245.49112592592596
monster trucks,125000000.0,64493915.0,-60506085.0,-48.404868
the hollars,3800000.0,1138609.0,-2661391.0,-70.0366052631579
fifty shades of black,5000000.0,22227514.0,17227514.0,344.55028
my big fat greek wedding 2,18000000.0,90632641.0,72632641.0,403.51467222222226
billy lynn's long halftime walk,40000000.0,30930984.0,-9069016.0,-22.672539999999998
personal shopper,6000000.0,2840408.0,-3159592.0,-52.659866666666666
love & friendship,3000000.0,21401949.0,18401949.0,613.3983
bleed for this,6000000.0,6698679.0,698679.0,11.644649999999999
whiskey tango foxtrot,35000000.0,24972139.0,-10027861.0,-28.65103142857143
loving,9000000.0,12957265.0,3957265.0,43.969611111111114
mr. church,8000000.0,685780.0,-7314220.0,-91.42775
hands of stone,20000000.0,4978353.0,-15021647.0,-75.10823500000001
denial,10000000.0,7994527.0,-2005473.0,-20.054730000000003
ride along 2,40000000.0,124608438.0,84608438.0,211.52109499999997
rock dog,60000000.0,23157646.0,-36842354.0,-61.40392333333333
race,35000000.0,25070261.0,-9929739.0,-28.37068285714286
a united kingdom,14000000.0,14459330.0,459330.0,3.2809285714285714
incarnate,5000000.0,9037058.0,4037058.0,80.74116000000001
thor: ragnarok,180000000.0,853983911.0,673983911.0,374.43550611111107
darkest hour,30000000.0,150847274.0,120847274.0,402.8242466666667
the hitman's bodyguard,30000000.0,176600207.0,146600207.0,488.66735666666665
it,35000000.0,701796444.0,666796444.0,1905.1326971428573
spider-man: homecoming,175000000.0,880166924.0,705166924.0,402.952528
blade runner 2049,150000000.0,259334548.0,109334548.0,72.88969866666667
guardians of the galaxy vol. 2,200000000.0,863756051.0,663756051.0,331.87802550000004
the greatest showman,84000000.0,438006904.0,354006904.0,421.4367904761905
jumanji: welcome to the jungle,90000000.0,962542945.0,872542945.0,969.492161111111
baywatch,69000000.0,177856751.0,108856751.0,157.7634072463768
home again,12000000.0,37270721.0,25270721.0,210.58934166666666
the fate of the furious,250000000.0,1236005118.0,986005118.0,394.4020472
get out,4500000.0,255589157.0,251089157.0,5579.759044444445
dunkirk,100000000.0,527016307.0,427016307.0,427.016307
coco,175000000.0,807817888.0,632817888.0,361.61022171428573
baby driver,34000000.0,226945087.0,192945087.0,567.48555
the boss baby,125000000.0,527965936.0,402965936.0,322.3727488
logan,97000000.0,619179950.0,522179950.0,538.3298453608247
wonder woman,149000000.0,822824522.0,673824522.0,452.23122281879193
alien: covenant,97000000.0,240891763.0,143891763.0,148.3420237113402
john wick: chapter 2,40000000.0,171547802.0,131547802.0,328.869505
wonder,20000000.0,306209289.0,286209289.0,1431.046445
justice league,300000000.0,657926987.0,357926987.0,119.30899566666666
mother!,30000000.0,44516999.0,14516999.0,48.38999666666667
pirates of the caribbean: dead men tell no tales,230000000.0,794881442.0,564881442.0,245.60062695652172
the shape of water,19400000.0,195333312.0,175933312.0,906.8727422680413
disobedience,6000000.0,8003180.0,2003180.0,33.38633333333333
kong: skull island,185000000.0,566652812.0,381652812.0,206.29881729729732
beauty and the beast,160000000.0,1264434525.0,1104434525.0,690.271578125
kingsman: the golden circle,104000000.0,410902662.0,306902662.0,295.09871346153847
"three billboards outside ebbing, missouri",15000000.0,160192267.0,145192267.0,967.9484466666667
star wars: episode viii - the last jedi,317000000.0,1332698830.0,1015698830.0,320.4097255520505
"i, tonya",11000000.0,53939297.0,42939297.0,390.3572454545455
atomic blonde,30000000.0,100014025.0,70014025.0,233.38008333333335
wind river,11000000.0,43980821.0,32980821.0,299.82564545454545
murder on the orient express,55000000.0,352794081.0,297794081.0,541.4437836363636
king arthur: legend of the sword,175000000.0,148675066.0,-26324934.0,-15.042819428571427
lady bird,10000000.0,78966486.0,68966486.0,689.66486
logan lucky,29000000.0,48453605.0,19453605.0,67.08139655172414
fifty shades darker,55000000.0,381545846.0,326545846.0,593.71972
happy death day,4800000.0,125479266.0,120679266.0,2514.1513750000004
transformers: the last knight,217000000.0,605425157.0,388425157.0,178.99776820276497
good time,4500000.0,3283369.0,-1216631.0,-27.036244444444446
ghost in the shell,110000000.0,169846945.0,59846945.0,54.406313636363635
molly's game,30000000.0,59284015.0,29284015.0,97.61338333333333
hostiles,39000000.0,35669017.0,-3330983.0,-8.540982051282052
valerian and the city of a thousand planets,177200000.0,225973340.0,48773340.0,27.524458239277656
the dark tower,60000000.0,113231078.0,53231078.0,88.71846333333333
pitch perfect 3,45000000.0,185400345.0,140400345.0,312.00076666666666
american assassin,33000000.0,67234188.0,34234188.0,103.73996363636364
the florida project,2000000.0,10971298.0,8971298.0,448.5649
life,58000000.0,100541806.0,42541806.0,73.34794137931034
the death of stalin,13000000.0,24646055.0,11646055.0,89.58503846153846
gifted,7000000.0,43069254.0,36069254.0,515.2750571428571
phantom thread,35000000.0,47756590.0,12756590.0,36.4474
the upside,37500000.0,125856180.0,88356180.0,235.61648000000002
annabelle: creation,15000000.0,306515884.0,291515884.0,1943.4392266666666
american made,50000000.0,134866593.0,84866593.0,169.733186
war for the planet of the apes,150000000.0,490719763.0,340719763.0,227.14650866666668
geostorm,120000000.0,221600160.0,101600160.0,84.6668
the circle,18000000.0,40656399.0,22656399.0,125.86888333333333
cars 3,175000000.0,383930656.0,208930656.0,119.38894628571428
rough night,20000000.0,47347283.0,27347283.0,136.736415
xxx: return of xander cage,85000000.0,346118277.0,261118277.0,307.19797294117643
the mummy,125000000.0,409231607.0,284231607.0,227.3852856
chips,25000000.0,26800152.0,1800152.0,7.200608
ferdinand,111000000.0,296069199.0,185069199.0,166.7290081081081
only the brave,38000000.0,26351322.0,-11648678.0,-30.65441578947368
the beguiled,10500000.0,27869129.0,17369129.0,165.4202761904762
the glass castle,9000000.0,22088533.0,13088533.0,145.42814444444446
the lego batman movie,80000000.0,311950384.0,231950384.0,289.93798000000004
the big sick,5000000.0,56411585.0,51411585.0,1028.2317
thoroughbreds,6000000.0,3187255.0,-2812745.0,-46.879083333333334
the foreigner,35000000.0,145418070.0,110418070.0,315.4802
jigsaw,10000000.0,102952888.0,92952888.0,929.52888
the snowman,35000000.0,43155261.0,8155261.0,23.300745714285714
the disaster artist,10000000.0,29820616.0,19820616.0,198.20616
47 meters down,5300000.0,62198461.0,56898461.0,1073.5558679245282
the post,50000000.0,180419231.0,130419231.0,260.838462
"everything, everything",10000000.0,61621140.0,51621140.0,516.2114
a ghost story,100000.0,1951683.0,1851683.0,1851.683
power rangers,100000000.0,142337240.0,42337240.0,42.33724
all the money in the world,50000000.0,56996304.0,6996304.0,13.992608
suburbicon,25000000.0,12751667.0,-12248333.0,-48.993332
it comes at night,5000000.0,19735344.0,14735344.0,294.70687999999996
despicable me 3,80000000.0,1034800131.0,954800131.0,1193.50016375
going in style,25000000.0,84918541.0,59918541.0,239.67416400000002
downsizing,68000000.0,55003890.0,-12996110.0,-19.111926470588237
before i fall,5000000.0,16373843.0,11373843.0,227.47686
wonder wheel,25000000.0,15889124.0,-9110876.0,-36.443504
the emoji movie,50000000.0,217776646.0,167776646.0,335.553292
unforgettable,12000000.0,17768012.0,5768012.0,48.066766666666666
paddington 2,40000000.0,227978645.0,187978645.0,469.94661249999996
girls trip,19000000.0,140552359.0,121552359.0,639.7492578947368
the space between us,30000000.0,16080475.0,-13919525.0,-46.39841666666666
the mountain between us,35000000.0,62832209.0,27832209.0,79.52059714285714
t2 trainspotting,18000000.0,41681746.0,23681746.0,131.56525555555555
the hero,1200000.0,4101699.0,2901699.0,241.80825000000002
battle of the sexes,25000000.0,18598607.0,-6401393.0,-25.605572
the book of henry,10000000.0,4596705.0,-5403295.0,-54.03295
daddy's home 2,69000000.0,180613824.0,111613824.0,161.7591652173913
a dog's purpose,22000000.0,205035819.0,183035819.0,831.9809954545456
the shack,20000000.0,96942115.0,76942115.0,384.710575
flatliners,19000000.0,45158254.0,26158254.0,137.6750210526316
rings,25000000.0,83080890.0,58080890.0,232.32356
the lego ninjago movie,70000000.0,123081555.0,53081555.0,75.83079285714285
the house,40000000.0,34184504.0,-5815496.0,-14.53874
the zookeeper's wife,20000000.0,26152835.0,6152835.0,30.764174999999998
detroit,34000000.0,23355100.0,-10644900.0,-31.308529411764706
all eyez on me,40000000.0,55668698.0,15668698.0,39.171745
sleepless,30000000.0,32917353.0,2917353.0,9.72451
tulip fever,25000000.0,9204549.0,-15795451.0,-63.181804
stronger,30000000.0,8503658.0,-21496342.0,-71.65447333333333
smurfs: the lost village,60000000.0,197183546.0,137183546.0,228.63924333333335
snatched,42000000.0,60845711.0,18845711.0,44.87074047619048
"roman j. israel, esq.",22000000.0,13025860.0,-8974140.0,-40.79154545454545
victoria & abdul,21000000.0,66558465.0,45558465.0,216.94507142857145
fist fight,22000000.0,41087017.0,19087017.0,86.75916818181818
how to be a latin lover,10000000.0,62547032.0,52547032.0,525.47032
same kind of different as me,15000000.0,6423605.0,-8576395.0,-57.17596666666667
my little pony: the movie,6500000.0,60330833.0,53830833.0,828.1666615384615
table 19,5000000.0,5042014.0,42014.0,0.84028
father figures,25000000.0,25601244.0,601244.0,2.404976
kidnap,21000000.0,34814102.0,13814102.0,65.7814380952381
diary of a wimpy kid: the long haul,22000000.0,40140972.0,18140972.0,82.45896363636363
churchill,6400000.0,6724365.0,324365.0,5.068203125
the bookshop,5400000.0,12062146.0,6662146.0,123.37307407407407
a bad moms christmas,28000000.0,130560428.0,102560428.0,366.28724285714287
captain underpants: the first epic movie,38000000.0,125427681.0,87427681.0,230.0728447368421
wish upon,12000000.0,23468586.0,11468586.0,95.57155
marshall,12000000.0,10116816.0,-1883184.0,-15.6932
the resurrection of gavin stone,2000000.0,2308355.0,308355.0,15.41775
the bye bye man,7400000.0,29874280.0,22474280.0,303.7064864864865
a quiet place,17000000.0,350320413.0,333320413.0,1960.7083117647057
avengers: infinity war,321000000.0,2048359754.0,1727359754.0,538.1183034267913
deadpool 2,110000000.0,786470484.0,676470484.0,614.9731672727273
bohemian rhapsody,52000000.0,911902649.0,859902649.0,1653.6589403846153
black panther,200000000.0,1347597973.0,1147597973.0,573.7989865000001
hereditary,10000000.0,80239658.0,70239658.0,702.39658
a simple favor,20000000.0,97644617.0,77644617.0,388.223085
aquaman,160000000.0,1148485886.0,988485886.0,617.80367875
ready player one,175000000.0,582893671.0,407893671.0,233.0820977142857
spider-man: into the spider-verse,90000000.0,375540831.0,285540831.0,317.26759000000004
mission: impossible - fallout,178000000.0,791657398.0,613657398.0,344.75134719101123
venom,100000000.0,856085151.0,756085151.0,756.085151
green book,23000000.0,321752656.0,298752656.0,1298.9245913043478
crazy rich asians,30000000.0,238539198.0,208539198.0,695.1306599999999
ant-man and the wasp,162000000.0,622674139.0,460674139.0,284.3667524691358
blackkklansman,15000000.0,93413709.0,78413709.0,522.75806
the predator,88000000.0,160542134.0,72542134.0,82.43424318181818
white boy rick,29000000.0,25957482.0,-3042518.0,-10.491441379310345
solo: a star wars story,275000000.0,392924807.0,117924807.0,42.881747999999995
midnight sun,2800000.0,27365467.0,24565467.0,877.3381071428572
under the silver lake,8500000.0,2053469.0,-6446531.0,-75.84154117647059
den of thieves,30000000.0,80509622.0,50509622.0,168.36540666666667
annihilation,40000000.0,43070915.0,3070915.0,7.6772875
red sparrow,69000000.0,151572634.0,82572634.0,119.67048405797101
a star is born,36000000.0,436188866.0,400188866.0,1111.635738888889
mamma mia! here we go again,75000000.0,395618157.0,320618157.0,427.49087599999996
death wish,30000000.0,49562710.0,19562710.0,65.20903333333334
instant family,48000000.0,120556201.0,72556201.0,151.15875208333333
jurassic world: fallen kingdom,170000000.0,1310466296.0,1140466296.0,670.8625270588235
eighth grade,2000000.0,14347433.0,12347433.0,617.37165
ocean's eight,70000000.0,297718711.0,227718711.0,325.31244428571426
suspiria,20000000.0,7942093.0,-12057907.0,-60.28953500000001
the favourite,15000000.0,95918706.0,80918706.0,539.45804
the meg,130000000.0,530259473.0,400259473.0,307.8919023076923
mandy,6000000.0,1555203.0,-4444797.0,-74.07995000000001
sicario: day of the soldado,35000000.0,75837743.0,40837743.0,116.6792657142857
fifty shades freed,55000000.0,371987838.0,316987838.0,576.3415236363636
halloween,10000000.0,255614941.0,245614941.0,2456.14941
incredibles 2,200000000.0,1244639527.0,1044639527.0,522.3197635
the first purge,13000000.0,137056262.0,124056262.0,954.2789384615384
ophelia,12000000.0,242115.0,-11757885.0,-97.982375
the nun,22000000.0,365551694.0,343551694.0,1561.5986090909091
the equalizer 2,62000000.0,190400157.0,128400157.0,207.09702741935482
the commuter,30000000.0,119942387.0,89942387.0,299.80795666666666
game night,37000000.0,117679066.0,80679066.0,218.0515297297297
tag,28000000.0,78130625.0,50130625.0,179.03794642857142
the hate u give,23000000.0,34934009.0,11934009.0,51.886995652173916
bad times at the el royale,32000000.0,31882724.0,-117276.0,-0.3664875
fantastic beasts: the crimes of grindelwald,200000000.0,654855901.0,454855901.0,227.4279505
hunter killer,40000000.0,31676128.0,-8323872.0,-20.80968
the mule,50000000.0,174804407.0,124804407.0,249.608814
robin hood,100000000.0,86493046.0,-13506954.0,-13.506953999999999
beautiful boy,25000000.0,16636604.0,-8363396.0,-33.453584
capharnaüm,4000000.0,64417003.0,60417003.0,1510.425075
adrift,35000000.0,59945012.0,24945012.0,71.27146285714285
"love, simon",17000000.0,66316289.0,49316289.0,290.0958176470588
mary poppins returns,130000000.0,349546142.0,219546142.0,168.8816476923077
bumblebee,135000000.0,467989645.0,332989645.0,246.6589962962963
vice,60000000.0,76073488.0,16073488.0,26.789146666666667
hotel transylvania 3: summer vacation,80000000.0,528583774.0,448583774.0,560.7297175
mile 22,50000000.0,66308758.0,16308758.0,32.617516
peter rabbit,50000000.0,351496066.0,301496066.0,602.992132
12 strong,35000000.0,67450815.0,32450815.0,92.71661428571429
the spy who dumped me,40000000.0,75339459.0,35339459.0,88.3486475
upgrade,5000000.0,16706680.0,11706680.0,234.1336
mary queen of scots,25000000.0,46712809.0,21712809.0,86.851236
ralph breaks the internet,175000000.0,529323962.0,354323962.0,202.47083542857146
overlord,38000000.0,41657844.0,3657844.0,9.625905263157895
tomb raider,94000000.0,274650803.0,180650803.0,192.18170531914893
the girl in the spider's web,43000000.0,35164920.0,-7835080.0,-18.22111627906977
mortal engines,100000000.0,83869818.0,-16130182.0,-16.130182
maze runner: the death cure,62000000.0,288175335.0,226175335.0,364.7989274193548
first man,59000000.0,105713218.0,46713218.0,79.17494576271187
creed ii,50000000.0,214215889.0,164215889.0,328.431778
rampage,120000000.0,428028233.0,308028233.0,256.69019416666663
mid90s,10000000.0,9303022.0,-696978.0,-6.96978
replicas,30000000.0,9330075.0,-20669925.0,-68.89975
widows,42000000.0,75984700.0,33984700.0,80.91595238095238
searching,880000.0,75462037.0,74582037.0,8475.231477272728
life itself,10000000.0,7997774.0,-2002226.0,-20.02226
blockers,21000000.0,94019120.0,73019120.0,347.7100952380952
the strangers: prey at night,5000000.0,31039126.0,26039126.0,520.78252
peppermint,25000000.0,53918723.0,28918723.0,115.674892
every day,4900000.0,10421847.0,5521847.0,112.69075510204081
operation finale,24000000.0,17612099.0,-6387901.0,-26.616254166666664
the sisters brothers,38000000.0,13143056.0,-24856944.0,-65.41301052631579
i feel pretty,32000000.0,94539426.0,62539426.0,195.43570625
hotel artemis,15000000.0,13313581.0,-1686419.0,-11.242793333333333
slender man,10000000.0,51738549.0,41738549.0,417.38549
book club,10000000.0,104438188.0,94438188.0,944.38188
sorry to bother you,3200000.0,18170707.0,14970707.0,467.83459374999995
pacific rim: uprising,150000000.0,290930148.0,140930148.0,93.953432
holmes & watson,42000000.0,40466970.0,-1533030.0,-3.650071428571429
the darkest minds,34000000.0,41142379.0,7142379.0,21.00699705882353
truth or dare,3500000.0,95330710.0,91830710.0,2623.734571428571
alpha,51000000.0,98203196.0,47203196.0,92.55528627450981
overboard,12000000.0,91244913.0,79244913.0,660.374275
arctic,2000000.0,4165776.0,2165776.0,108.28880000000001
a wrinkle in time,100000000.0,132675864.0,32675864.0,32.675864
london fields,8000000.0,487420.0,-7512580.0,-93.90725
andhadhun,4500000.0,62475342.0,57975342.0,1288.3409333333334
life of the party,30000000.0,65859911.0,35859911.0,119.53303666666666
the house with a clock in its walls,42000000.0,131523093.0,89523093.0,213.15022142857143
brian banks,10000000.0,4376819.0,-5623181.0,-56.23181
gotti,10000000.0,6412349.0,-3587651.0,-35.87651
christopher robin,75000000.0,197744377.0,122744377.0,163.65916933333332
destroyer,9000000.0,5580940.0,-3419060.0,-37.989555555555555
insidious: the last key,10000000.0,167885588.0,157885588.0,1578.85588
can you ever forgive me?,10000000.0,12442161.0,2442161.0,24.421609999999998
unsane,1500000.0,14293601.0,12793601.0,852.9067333333334
boy erased,11000000.0,11853081.0,853081.0,7.755281818181818
johnny english strikes again,25000000.0,158972499.0,133972499.0,535.889996
skyscraper,125000000.0,304868961.0,179868961.0,143.8951688
forever my girl,3500000.0,16376066.0,12876066.0,367.88759999999996
on the basis of sex,20000000.0,38755900.0,18755900.0,93.7795
the catcher was a spy,14000000.0,953953.0,-13046047.0,-93.18605
welcome to marwen,39000000.0,13061491.0,-25938509.0,-66.50899743589743
assassination nation,7000000.0,2584988.0,-4415012.0,-63.071600000000004
unfriended: dark web,1000000.0,16024987.0,15024987.0,1502.4986999999999
the nutcracker and the four realms,120000000.0,173961069.0,53961069.0,44.9675575
the happytime murders,40000000.0,27506452.0,-12493548.0,-31.233870000000003
tully,13000000.0,15636462.0,2636462.0,20.28047692307692
night school,29000000.0,103105878.0,74105878.0,255.53751034482758
smallfoot,80000000.0,214040103.0,134040103.0,167.55012875
hell fest,5500000.0,18160930.0,12660930.0,230.19872727272727
second act,16000000.0,72294066.0,56294066.0,351.8379125
uncle drew,19000000.0,46664414.0,27664414.0,145.60217894736843
the possession of hannah grace,7700000.0,43016528.0,35316528.0,458.65620779220774
if beale street could talk,12000000.0,20596567.0,8596567.0,71.63805833333333
the grinch,75000000.0,512492755.0,437492755.0,583.3236733333333
winchester,3500000.0,44019588.0,40519588.0,1157.7025142857142
the 15:17 to paris,30000000.0,57076286.0,27076286.0,90.25428666666667
action point,19000000.0,5103663.0,-13896337.0,-73.13861578947368
super troopers 2,13500000.0,31626386.0,18126386.0,134.26952592592593
the death & life of john f. donovan,35000000.0,3326364.0,-31673636.0,-90.49610285714286
stan & ollie,10000000.0,24420923.0,14420923.0,144.20923000000002
superfly,16000000.0,20780685.0,4780685.0,29.879281250000002
early man,50000000.0,54622814.0,4622814.0,9.245628
i can only imagine,7000000.0,86086881.0,79086881.0,1129.8125857142857
dragon ball super: broly,8500000.0,115757940.0,107257940.0,1261.8581176470589
kin,30000000.0,10313019.0,-19686981.0,-65.62327
goosebumps 2: haunted halloween,35000000.0,93320380.0,58320380.0,166.62965714285713
nobody's fool,19000000.0,33705333.0,14705333.0,77.39648947368421
midsommar,9000000.0,47967636.0,38967636.0,432.9737333333333
once upon a time... in hollywood,90000000.0,374565754.0,284565754.0,316.18417111111114
avengers: endgame,356000000.0,2797501328.0,2441501328.0,685.8149797752809
fighting with my family,11000000.0,40811919.0,29811919.0,271.01744545454545
little women,40000000.0,216601214.0,176601214.0,441.503035
escape room,9000000.0,155712077.0,146712077.0,1630.134188888889
joker,55000000.0,1074427370.0,1019427370.0,1853.5043090909091
yesterday,26000000.0,153193369.0,127193369.0,489.20526538461536
parasite,11400000.0,258908054.0,247508054.0,2171.1232807017545
john wick: chapter 3 - parabellum,75000000.0,327281779.0,252281779.0,336.3757053333333
knives out,40000000.0,311539397.0,271539397.0,678.8484925
fast & furious presents: hobbs & shaw,200000000.0,759056935.0,559056935.0,279.5284675
captain marvel,160000000.0,1128462972.0,968462972.0,605.2893574999999
after,14000000.0,69756455.0,55756455.0,398.26039285714285
spider-man: far from home,160000000.0,1131927996.0,971927996.0,607.4549975
jojo rabbit,14000000.0,90335025.0,76335025.0,545.2501785714286
shazam!,100000000.0,365971656.0,265971656.0,265.971656
it chapter two,79000000.0,473093228.0,394093228.0,498.85218734177215
1917,95000000.0,384623579.0,289623579.0,304.8669252631579
star wars: episode ix - the rise of skywalker,275000000.0,1078232589.0,803232589.0,292.0845778181818
ford v ferrari,97600000.0,225508210.0,127908210.0,131.053493852459
the irishman,159000000.0,968853.0,-158031147.0,-99.39065849056604
jumanji: the next level,125000000.0,800059707.0,675059707.0,540.0477655999999
alita: battle angel,170000000.0,404980543.0,234980543.0,138.2238488235294
us,20000000.0,255184580.0,235184580.0,1175.9229
ready or not,6000000.0,57615777.0,51615777.0,860.26295
hellboy,50000000.0,55065289.0,5065289.0,10.130578
terminator: dark fate,185000000.0,261119292.0,76119292.0,41.145563243243245
downton abbey,13000000.0,237860050.0,224860050.0,1729.6926923076924
gemini man,138000000.0,173469516.0,35469516.0,25.702547826086956
booksmart,6000000.0,24959607.0,18959607.0,315.99345
dora and the lost city of gold,49000000.0,119682635.0,70682635.0,144.2502755102041
glass,20000000.0,246999039.0,226999039.0,1134.995195
the best of enemies,10000000.0,10209813.0,209813.0,2.0981300000000003
the lion king,260000000.0,1670727580.0,1410727580.0,542.5875307692307
aladdin,183000000.0,1050693953.0,867693953.0,474.1497010928962
marriage story,18600000.0,333686.0,-18266314.0,-98.20598924731183
godzilla: king of the monsters,170000000.0,386600138.0,216600138.0,127.41184588235295
rocketman,40000000.0,195179299.0,155179299.0,387.94824750000004
hustlers,20000000.0,157563598.0,137563598.0,687.81799
toy story 4,200000000.0,1073394593.0,873394593.0,436.69729650000005
zombieland: double tap,42000000.0,122810399.0,80810399.0,192.4057119047619
long shot,40000000.0,53873809.0,13873809.0,34.6845225
angel has fallen,40000000.0,146661977.0,106661977.0,266.6549425
men in black: international,110000000.0,253890701.0,143890701.0,130.80972818181817
x-men: dark phoenix,200000000.0,252442974.0,52442974.0,26.221487
frozen ii,150000000.0,1450026933.0,1300026933.0,866.684622
brightburn,6000000.0,32893421.0,26893421.0,448.2236833333333
ad astra,90000000.0,127461872.0,37461872.0,41.62430222222222
the peanut butter falcon,6200000.0,133031473.0,126831473.0,2045.6689193548389
good boys,20000000.0,111037232.0,91037232.0,455.18616
ma,5000000.0,61105744.0,56105744.0,1122.11488
five feet apart,7000000.0,91527795.0,84527795.0,1207.5399285714286
cold pursuit,60000000.0,76419755.0,16419755.0,27.36625833333333
crawl,13500000.0,91542097.0,78042097.0,578.0896074074075
annabelle comes home,30000000.0,231252591.0,201252591.0,670.8419700000001
rambo: last blood,50000000.0,91490353.0,41490353.0,82.980706
late night,4000000.0,22386555.0,18386555.0,459.663875
the addams family,24000000.0,203783566.0,179783566.0,749.0981916666667
the goldfinch,45000000.0,9932621.0,-35067379.0,-77.92750888888888
a beautiful day in the neighborhood,25000000.0,67760877.0,42760877.0,171.043508
how to train your dragon: the hidden world,129000000.0,525683457.0,396683457.0,307.50655581395347
pokémon detective pikachu,150000000.0,433921300.0,283921300.0,189.28086666666667
serenity,25000000.0,14454622.0,-10545378.0,-42.181512
maleficent: mistress of evil,185000000.0,491730089.0,306730089.0,165.80004810810811
the secret life of pets 2,80000000.0,430051293.0,350051293.0,437.56411625
the curse of la llorona,9000000.0,123133739.0,114133739.0,1268.1526555555556
captive state,25000000.0,8808611.0,-16191389.0,-64.765556
scary stories to tell in the dark,25000000.0,104545505.0,79545505.0,318.18202
the intruder,8000000.0,36599361.0,28599361.0,357.4920125
the angry birds movie 2,65000000.0,147792047.0,82792047.0,127.37237999999999
what men want,20000000.0,72216294.0,52216294.0,261.08147
pet sematary,21000000.0,113118226.0,92118226.0,438.658219047619
47 meters down: uncaged,12000000.0,47582563.0,35582563.0,296.52135833333335
happy death day 2u,9000000.0,64600152.0,55600152.0,617.7794666666666
weathering with you,11100000.0,193457467.0,182357467.0,1642.860063063063
the kid,8000000.0,1561698.0,-6438302.0,-80.478775
the lego movie 2: the second part,99000000.0,192306508.0,93306508.0,94.24899797979798
child's play,10000000.0,44907074.0,34907074.0,349.07074
dumbo,170000000.0,353284621.0,183284621.0,107.81448294117648
the hustle,21000000.0,95017038.0,74017038.0,352.4620857142857
shaft,35000000.0,21360215.0,-13639785.0,-38.97081428571428
the beach bum,5000000.0,4554416.0,-445584.0,-8.91168
the kitchen,38000000.0,15980032.0,-22019968.0,-57.94728421052632
stuber,16000000.0,32390945.0,16390945.0,102.44340625
the art of racing in the rain,18000000.0,33766787.0,15766787.0,87.5932611111111
blinded by the light,15000000.0,18096691.0,3096691.0,20.644606666666668
"where'd you go, bernadette",20000000.0,11025353.0,-8974647.0,-44.873235
ip man 4: the finale,52000000.0,176345966.0,124345966.0,239.1268576923077
abominable,75000000.0,180314199.0,105314199.0,140.41893199999998
isn't it romantic,31000000.0,48791187.0,17791187.0,57.39092580645161
a dog's journey,16000000.0,75741734.0,59741734.0,373.3858375
don't let go,5000000.0,5288011.0,288011.0,5.76022
uglydolls,45000000.0,32450241.0,-12549759.0,-27.88835333333333
tolkien,20000000.0,9090040.0,-10909960.0,-54.549800000000005
miss bala,15000000.0,15383580.0,383580.0,2.5572
a dog's way home,18000000.0,80708134.0,62708134.0,348.3785222222222
wonder park,90000000.0,119559110.0,29559110.0,32.84345555555556
triple threat,10000000.0,345900.0,-9654100.0,-96.541
the wandering earth,48000000.0,699992512.0,651992512.0,1358.3177333333333
the kid who would be king,59000000.0,32140970.0,-26859030.0,-45.52377966101695
missing link,100000000.0,26565710.0,-73434290.0,-73.43429
breakthrough,14000000.0,50444358.0,36444358.0,260.3168428571429
poms,10000000.0,16418218.0,6418218.0,64.18218
little,20000000.0,49000667.0,29000667.0,145.003335
the prodigy,6000000.0,21150265.0,15150265.0,252.50441666666666
overcomer,5000000.0,38026103.0,33026103.0,660.52206
a madea family funeral,20000000.0,74747725.0,54747725.0,273.738625
the sun is also a star,9000000.0,6750029.0,-2249971.0,-24.99967777777778
k-12,5000000.0,359377.0,-4640623.0,-92.81246
unplanned,6000000.0,21354152.0,15354152.0,255.90253333333334
mine 9,350000.0,226421.0,-123579.0,-35.30828571428572
clinton road,2500000.0,50400.0,-2449600.0,-97.98400000000001
high on the hog,1200000.0,45696.0,-1154304.0,-96.192
tenet,205000000.0,363656624.0,158656624.0,77.39347512195121
birds of prey,84500000.0,201858461.0,117358461.0,138.8857526627219
the invisible man,7000000.0,143151000.0,136151000.0,1945.0142857142857
bad boys for life,90000000.0,426505244.0,336505244.0,373.89471555555554
sonic the hedgehog,85000000.0,319715683.0,234715683.0,276.1360976470588
dolittle,175000000.0,245487753.0,70487753.0,40.278715999999996
the call of the wild,135000000.0,111105497.0,-23894503.0,-17.69963185185185
the eight hundred,80000000.0,461421559.0,381421559.0,476.77694875
